[
  {
    "model": "token_blacklist.outstandingtoken",
    "pk": 1,
    "fields": {
      "user": 1,
      "jti": "a559daa67f41443c9101297d4b62811d",
      "token": "eyJhbGciOiJIUzI1NiIsInR5cCI6IkpXVCJ9.eyJ0b2tlbl90eXBlIjoicmVmcmVzaCIsImV4cCI6MTc3Nzg4MDkzMywiaWF0IjoxNzc3Mjc2MTMzLCJqdGkiOiJhNTU5ZGFhNjdmNDE0NDNjOTEwMTI5N2Q0YjYyODExZCIsInVzZXJfaWQiOiIxIn0.g93KL8QVS47uu5E2pIyPNWcVlEnGDf_qL__kidJmd2g",
      "created_at": "2026-04-27T07:48:53.817Z",
      "expires_at": "2026-05-04T07:48:53Z"
    }
  },
  {
    "model": "token_blacklist.outstandingtoken",
    "pk": 2,
    "fields": {
      "user": 1,
      "jti": "4561962f007649cc9d045e1b838c09e6",
      "token": "eyJhbGciOiJIUzI1NiIsInR5cCI6IkpXVCJ9.eyJ0b2tlbl90eXBlIjoicmVmcmVzaCIsImV4cCI6MTc3Nzg4NTM0NywiaWF0IjoxNzc3MjgwNTQ3LCJqdGkiOiI0NTYxOTYyZjAwNzY0OWNjOWQwNDVlMWI4MzhjMDllNiIsInVzZXJfaWQiOiIxIn0.tdAvSXuzo2l4lNkyUGo_LyZUtvkXMIPbC87qxd_vouY",
      "created_at": "2026-04-27T09:02:27.377Z",
      "expires_at": "2026-05-04T09:02:27Z"
    }
  },
  {
    "model": "token_blacklist.outstandingtoken",
    "pk": 3,
    "fields": {
      "user": 2,
      "jti": "18d1f877429a47aaa5cbdefc74463f1f",
      "token": "eyJhbGciOiJIUzI1NiIsInR5cCI6IkpXVCJ9.eyJ0b2tlbl90eXBlIjoicmVmcmVzaCIsImV4cCI6MTc3Nzg4NTQ3MSwiaWF0IjoxNzc3MjgwNjcxLCJqdGkiOiIxOGQxZjg3NzQyOWE0N2FhYTVjYmRlZmM3NDQ2M2YxZiIsInVzZXJfaWQiOiIyIn0.OCmbOl5CmaQ9s8782YHEeW8bpC5T5yDhT-x04DcjtRA",
      "created_at": "2026-04-27T09:04:31.465Z",
      "expires_at": "2026-05-04T09:04:31Z"
    }
  },
  {
    "model": "token_blacklist.outstandingtoken",
    "pk": 4,
    "fields": {
      "user": 1,
      "jti": "d4dbb3e3083847e881aa1bb9da52d1dd",
      "token": "eyJhbGciOiJIUzI1NiIsInR5cCI6IkpXVCJ9.eyJ0b2tlbl90eXBlIjoicmVmcmVzaCIsImV4cCI6MTc3Nzg5Mjk4NywiaWF0IjoxNzc3Mjg4MTg3LCJqdGkiOiJkNGRiYjNlMzA4Mzg0N2U4ODFhYTFiYjlkYTUyZDFkZCIsInVzZXJfaWQiOiIxIn0.hx1_7TEBL9BqEDMNIgHFNtcZhoyJKrltG59m1pfTwUo",
      "created_at": "2026-04-27T11:09:47.922Z",
      "expires_at": "2026-05-04T11:09:47Z"
    }
  },
  {
    "model": "token_blacklist.outstandingtoken",
    "pk": 5,
    "fields": {
      "user": 1,
      "jti": "470ff45580504474990867a84eb3207c",
      "token": "eyJhbGciOiJIUzI1NiIsInR5cCI6IkpXVCJ9.eyJ0b2tlbl90eXBlIjoicmVmcmVzaCIsImV4cCI6MTc3Nzk2NzA0MSwiaWF0IjoxNzc3MzYyMjQxLCJqdGkiOiI0NzBmZjQ1NTgwNTA0NDc0OTkwODY3YTg0ZWIzMjA3YyIsInVzZXJfaWQiOiIxIn0.w4W_dbhH_4ySfd4RmBluv_reATQt-qnI5M5ttgWZsLo",
      "created_at": "2026-04-28T07:44:01.009Z",
      "expires_at": "2026-05-05T07:44:01Z"
    }
  },
  {
    "model": "token_blacklist.outstandingtoken",
    "pk": 6,
    "fields": {
      "user": 2,
      "jti": "4317787a1f1a407f92a85c1a517d2599",
      "token": "eyJhbGciOiJIUzI1NiIsInR5cCI6IkpXVCJ9.eyJ0b2tlbl90eXBlIjoicmVmcmVzaCIsImV4cCI6MTc3Nzk2NzA0MSwiaWF0IjoxNzc3MzYyMjQxLCJqdGkiOiI0MzE3Nzg3YTFmMWE0MDdmOTJhODVjMWE1MTdkMjU5OSIsInVzZXJfaWQiOiIyIn0.vNz1JzvaNyDSveDYkKEbLIqg1fUodOWFg9ddVUQgBvo",
      "created_at": "2026-04-28T07:44:01.306Z",
      "expires_at": "2026-05-05T07:44:01Z"
    }
  },
  {
    "model": "token_blacklist.outstandingtoken",
    "pk": 7,
    "fields": {
      "user": 1,
      "jti": "a5706bbf49174274ac2114678105f306",
      "token": "eyJhbGciOiJIUzI1NiIsInR5cCI6IkpXVCJ9.eyJ0b2tlbl90eXBlIjoicmVmcmVzaCIsImV4cCI6MTc3ODA1NDg4NSwiaWF0IjoxNzc3NDUwMDg1LCJqdGkiOiJhNTcwNmJiZjQ5MTc0Mjc0YWMyMTE0Njc4MTA1ZjMwNiIsInVzZXJfaWQiOiIxIn0.yYpulftxATwD5y4dkxMU41T70PIrPjwWrGJVNwRpCl4",
      "created_at": "2026-04-29T08:08:05.951Z",
      "expires_at": "2026-05-06T08:08:05Z"
    }
  },
  {
    "model": "token_blacklist.outstandingtoken",
    "pk": 8,
    "fields": {
      "user": 1,
      "jti": "b5cf0de316fa426cbcbb4cdef29d32e7",
      "token": "eyJhbGciOiJIUzI1NiIsInR5cCI6IkpXVCJ9.eyJ0b2tlbl90eXBlIjoicmVmcmVzaCIsImV4cCI6MTc3ODA1NDkwMiwiaWF0IjoxNzc3NDUwMTAyLCJqdGkiOiJiNWNmMGRlMzE2ZmE0MjZjYmNiYjRjZGVmMjlkMzJlNyIsInVzZXJfaWQiOiIxIn0.gAGdNEKmJdt4s3yUEQ9eZ8a9mllDaDqEWzMQkkzAffk",
      "created_at": "2026-04-29T08:08:22.442Z",
      "expires_at": "2026-05-06T08:08:22Z"
    }
  },
  {
    "model": "token_blacklist.outstandingtoken",
    "pk": 9,
    "fields": {
      "user": 1,
      "jti": "06329570559145ec8894083348304273",
      "token": "eyJhbGciOiJIUzI1NiIsInR5cCI6IkpXVCJ9.eyJ0b2tlbl90eXBlIjoicmVmcmVzaCIsImV4cCI6MTc3ODA1NDkyNCwiaWF0IjoxNzc3NDUwMTI0LCJqdGkiOiIwNjMyOTU3MDU1OTE0NWVjODg5NDA4MzM0ODMwNDI3MyIsInVzZXJfaWQiOiIxIn0.dvPoHFpSV5Bmf2gub1A1rt00XuEmSMJDYw-G_HP0MkU",
      "created_at": "2026-04-29T08:08:44.231Z",
      "expires_at": "2026-05-06T08:08:44Z"
    }
  },
  {
    "model": "token_blacklist.outstandingtoken",
    "pk": 10,
    "fields": {
      "user": 1,
      "jti": "8e80d479142344dc8c09a5a1b53f5587",
      "token": "eyJhbGciOiJIUzI1NiIsInR5cCI6IkpXVCJ9.eyJ0b2tlbl90eXBlIjoicmVmcmVzaCIsImV4cCI6MTc3ODA4NzY4NCwiaWF0IjoxNzc3NDgyODg0LCJqdGkiOiI4ZTgwZDQ3OTE0MjM0NGRjOGMwOWE1YTFiNTNmNTU4NyIsInVzZXJfaWQiOiIxIn0.FyN290VBt8asfLqjRKEtJek3Ui31__sfuo0QjX2u-lQ",
      "created_at": "2026-04-29T17:14:44.221Z",
      "expires_at": "2026-05-06T17:14:44Z"
    }
  },
  {
    "model": "token_blacklist.outstandingtoken",
    "pk": 11,
    "fields": {
      "user": 1,
      "jti": "2ae623ca270349829a40bf144288f454",
      "token": "eyJhbGciOiJIUzI1NiIsInR5cCI6IkpXVCJ9.eyJ0b2tlbl90eXBlIjoicmVmcmVzaCIsImV4cCI6MTc3ODIyMjYxOCwiaWF0IjoxNzc3NjE3ODE4LCJqdGkiOiIyYWU2MjNjYTI3MDM0OTgyOWE0MGJmMTQ0Mjg4ZjQ1NCIsInVzZXJfaWQiOiIxIn0.Jmm9MrQ9-qVYeso2dBd32J8LOKM9eP_0neiOFFiL2MY",
      "created_at": "2026-05-01T06:43:38.744Z",
      "expires_at": "2026-05-08T06:43:38Z"
    }
  },
  {
    "model": "token_blacklist.outstandingtoken",
    "pk": 12,
    "fields": {
      "user": null,
      "jti": "e545821966a14b0ba94db2bc59b3deb0",
      "token": "eyJhbGciOiJIUzI1NiIsInR5cCI6IkpXVCJ9.eyJ0b2tlbl90eXBlIjoicmVmcmVzaCIsImV4cCI6MTc3ODIyNTI2MSwiaWF0IjoxNzc3NjIwNDYxLCJqdGkiOiJlNTQ1ODIxOTY2YTE0YjBiYTk0ZGIyYmM1OWIzZGViMCIsInVzZXJfaWQiOiI1In0.zT6mcPqcYsLNzHJSkBgRZUTILdDQ9JgGe5nO98OenR0",
      "created_at": "2026-05-01T07:27:41.388Z",
      "expires_at": "2026-05-08T07:27:41Z"
    }
  },
  {
    "model": "token_blacklist.blacklistedtoken",
    "pk": 1,
    "fields": {
      "token": 1,
      "blacklisted_at": "2026-04-27T07:49:09.361Z"
    }
  },
  {
    "model": "token_blacklist.blacklistedtoken",
    "pk": 2,
    "fields": {
      "token": 8,
      "blacklisted_at": "2026-04-29T08:08:22.504Z"
    }
  },
  {
    "model": "token_blacklist.blacklistedtoken",
    "pk": 3,
    "fields": {
      "token": 12,
      "blacklisted_at": "2026-05-01T07:27:41.799Z"
    }
  },
  {
    "model": "accounts.user",
    "pk": 1,
    "fields": {
      "password": "pbkdf2_sha256$1000000$ObKrgi5RaL1q1mZbTL8a3W$Rdl4QQhyf6xKfVpKBeRrzmC88dtXCRLYMmNKQ0O6O+c=",
      "last_login": null,
      "is_superuser": false,
      "username": "testuser",
      "first_name": "",
      "last_name": "",
      "is_staff": false,
      "is_active": true,
      "date_joined": "2026-04-27T07:48:33.135Z",
      "email": "test@test.com",
      "nickname": "테스트",
      "created_at": "2026-04-27T07:48:33.340Z",
      "updated_at": "2026-04-27T07:48:33.340Z",
      "groups": [],
      "user_permissions": []
    }
  },
  {
    "model": "accounts.user",
    "pk": 2,
    "fields": {
      "password": "pbkdf2_sha256$1000000$zo0kwghRa6ZtARYwg2XReH$fjo4tls64IBcBZfcKtKGG8QcCxv3O6pMIXNUEffJMlQ=",
      "last_login": null,
      "is_superuser": false,
      "username": "testuser2",
      "first_name": "",
      "last_name": "",
      "is_staff": false,
      "is_active": true,
      "date_joined": "2026-04-27T09:04:31.057Z",
      "email": "u2@test.com",
      "nickname": "두번째",
      "created_at": "2026-04-27T09:04:31.238Z",
      "updated_at": "2026-04-27T09:04:31.238Z",
      "groups": [],
      "user_permissions": []
    }
  },
  {
    "model": "accounts.user",
    "pk": 3,
    "fields": {
      "password": "pbkdf2_sha256$1000000$s8BWB6gxwWRnD4pKLwry4Q$xjzjywIsqks2xhzRXpwoWE+a5gawqqj6XhCpKst2H3w=",
      "last_login": null,
      "is_superuser": false,
      "username": "testuser3",
      "first_name": "",
      "last_name": "",
      "is_staff": false,
      "is_active": true,
      "date_joined": "2026-04-29T08:07:29.353Z",
      "email": "u3@test.com",
      "nickname": "세번째",
      "created_at": "2026-04-29T08:07:29.553Z",
      "updated_at": "2026-05-01T05:13:27.360Z",
      "groups": [],
      "user_permissions": []
    }
  },
  {
    "model": "accounts.user",
    "pk": 4,
    "fields": {
      "password": "pbkdf2_sha256$1000000$4mdwk5CrgoljlPmzBq6tTw$cDXL9eAK8C/vvVyBYCsMtv5PgEHiJxAOrNJTi0ny6iQ=",
      "last_login": null,
      "is_superuser": true,
      "username": "admin",
      "first_name": "",
      "last_name": "",
      "is_staff": true,
      "is_active": true,
      "date_joined": "2026-05-01T05:12:09.039Z",
      "email": "admin@munbeop.local",
      "nickname": "관리자",
      "created_at": "2026-05-01T05:12:09.039Z",
      "updated_at": "2026-05-01T05:12:09.253Z",
      "groups": [],
      "user_permissions": []
    }
  },
  {
    "model": "accounts.user",
    "pk": 6,
    "fields": {
      "password": "pbkdf2_sha256$1000000$swL1LzOHM9KW1DMzhoAFQk$fFyH4OKUCChsFj4l0Eifd9h6OrgZ1zmYokG0UiyxBIY=",
      "last_login": null,
      "is_superuser": false,
      "username": "lawhelper",
      "first_name": "",
      "last_name": "",
      "is_staff": false,
      "is_active": true,
      "date_joined": "2026-05-04T03:45:16.987Z",
      "email": "lawhelper@munbeop.local",
      "nickname": "도움이",
      "created_at": "2026-05-04T03:45:16.987Z",
      "updated_at": "2026-05-04T03:45:17.174Z",
      "groups": [],
      "user_permissions": []
    }
  },
  {
    "model": "accounts.user",
    "pk": 7,
    "fields": {
      "password": "pbkdf2_sha256$1000000$tLv3GS47aSYzAL4dqEq3M8$AMruY2Gr7u3BXMJQGcgKxl4qtqoPpauQQpF9qb1A1kc=",
      "last_login": null,
      "is_superuser": false,
      "username": "survivor",
      "first_name": "",
      "last_name": "",
      "is_staff": false,
      "is_active": true,
      "date_joined": "2026-05-04T03:45:17.187Z",
      "email": "survivor@munbeop.local",
      "nickname": "겪어본사람",
      "created_at": "2026-05-04T03:45:17.187Z",
      "updated_at": "2026-05-04T03:45:17.384Z",
      "groups": [],
      "user_permissions": []
    }
  },
  {
    "model": "accounts.user",
    "pk": 8,
    "fields": {
      "password": "pbkdf2_sha256$1000000$hYinsJZK0w5ryNWYtOntW9$7FzuB+9wAr+zaqt9Qnt725+UK+ty+ZIccZcoKLeObyI=",
      "last_login": null,
      "is_superuser": false,
      "username": "demo_helper",
      "first_name": "",
      "last_name": "",
      "is_staff": false,
      "is_active": true,
      "date_joined": "2026-05-04T04:49:36.393Z",
      "email": "demo_helper@munbeop.local",
      "nickname": "도움주는1",
      "created_at": "2026-05-04T04:49:36.394Z",
      "updated_at": "2026-05-04T04:49:36.597Z",
      "groups": [],
      "user_permissions": []
    }
  },
  {
    "model": "accounts.user",
    "pk": 9,
    "fields": {
      "password": "pbkdf2_sha256$1000000$KeK7oLKIF1YMFHHO4fxN7q$rpCIE6l27IR6ORZvFly9LoAxDszODlt7Xrjpik6Th5o=",
      "last_login": null,
      "is_superuser": false,
      "username": "demo_helper2",
      "first_name": "",
      "last_name": "",
      "is_staff": false,
      "is_active": true,
      "date_joined": "2026-05-04T04:49:36.610Z",
      "email": "demo_helper2@munbeop.local",
      "nickname": "도움주는2",
      "created_at": "2026-05-04T04:49:36.610Z",
      "updated_at": "2026-05-04T04:49:36.814Z",
      "groups": [],
      "user_permissions": []
    }
  },
  {
    "model": "stories.category",
    "pk": 1,
    "fields": {
      "name": "전세/월세",
      "slug": "housing",
      "description": "전세, 월세, 보증금, 임대차 관련 분쟁",
      "order": 1,
      "created_at": "2026-04-27T09:01:33.012Z"
    }
  },
  {
    "model": "stories.category",
    "pk": 2,
    "fields": {
      "name": "직장/노동",
      "slug": "labor",
      "description": "임금, 해고, 근로계약, 직장 내 괴롭힘 관련",
      "order": 2,
      "created_at": "2026-04-27T09:01:33.023Z"
    }
  },
  {
    "model": "stories.category",
    "pk": 3,
    "fields": {
      "name": "소비자 분쟁",
      "slug": "consumer",
      "description": "환불, 교환, 계약 해지, 온라인 쇼핑 분쟁",
      "order": 3,
      "created_at": "2026-04-27T09:01:33.033Z"
    }
  },
  {
    "model": "stories.category",
    "pk": 4,
    "fields": {
      "name": "이혼/가족",
      "slug": "family",
      "description": "이혼, 양육권, 상속, 가족 관계 분쟁",
      "order": 4,
      "created_at": "2026-04-27T09:01:33.043Z"
    }
  },
  {
    "model": "stories.category",
    "pk": 5,
    "fields": {
      "name": "교통사고",
      "slug": "traffic",
      "description": "자동차 사고, 보험 처리, 과실 비율",
      "order": 5,
      "created_at": "2026-04-27T09:01:33.054Z"
    }
  },
  {
    "model": "stories.category",
    "pk": 6,
    "fields": {
      "name": "형사",
      "slug": "criminal",
      "description": "고소/고발, 형사 절차, 피해자 권리",
      "order": 6,
      "created_at": "2026-04-27T09:01:33.064Z"
    }
  },
  {
    "model": "stories.category",
    "pk": 7,
    "fields": {
      "name": "부동산 매매",
      "slug": "realestate",
      "description": "부동산 매매 계약, 등기, 명도 분쟁",
      "order": 7,
      "created_at": "2026-04-27T09:01:33.075Z"
    }
  },
  {
    "model": "stories.category",
    "pk": 8,
    "fields": {
      "name": "채권/채무",
      "slug": "debt",
      "description": "대여금, 보증, 채권 추심",
      "order": 8,
      "created_at": "2026-04-27T09:01:33.085Z"
    }
  },
  {
    "model": "stories.category",
    "pk": 9,
    "fields": {
      "name": "기타",
      "slug": "etc",
      "description": "위 분류에 해당하지 않는 기타 분쟁",
      "order": 9,
      "created_at": "2026-04-27T09:01:33.095Z"
    }
  },
  {
    "model": "stories.story",
    "pk": 72,
    "fields": {
      "user": 2,
      "title": "전세 만기 두 달 남았는데 집주인이 연락두절",
      "content": "전세 만기가 두 달 남았는데 집주인이 카톡도 전화도 안 받고 있습니다. 만기 전에 보증금 반환 의사를 미리 확인하고 싶어서 계속 연락했는데 답이 없어요. 부동산에 가서 물어봤더니 사장님이 다른 지역에 있다고만 하시고 정확한 내용을 모르신다고 합니다. 만기 다 돼서 이사 못 가는 상황이 생길까봐 너무 불안합니다. 어떻게 대응해야 할까요?",
      "category": 1,
      "is_anonymous": false,
      "is_deleted": false,
      "deleted_at": null,
      "view_count": 31,
      "created_at": "2026-05-04T04:47:11.589Z",
      "updated_at": "2026-05-04T04:47:11.589Z"
    }
  },
  {
    "model": "stories.story",
    "pk": 73,
    "fields": {
      "user": 6,
      "title": "월세 보증금에서 도배 비용 과도하게 공제",
      "content": "2년 살고 나갔는데 집주인이 도배·장판 전체 교체 비용으로 보증금 200만원 중 150만원을 공제했습니다. 입주 전 도배 상태가 이미 5년은 넘은 것으로 보였고, 저희가 특별히 훼손한 부분은 거의 없었어요. 통상의 마모와 자연 노후화는 임차인 부담이 아니라고 들었는데, 이렇게 일방적으로 공제하는 게 맞는 건가요?",
      "category": 1,
      "is_anonymous": false,
      "is_deleted": false,
      "deleted_at": null,
      "view_count": 22,
      "created_at": "2026-05-04T04:47:11.595Z",
      "updated_at": "2026-05-04T04:47:11.596Z"
    }
  },
  {
    "model": "stories.story",
    "pk": 74,
    "fields": {
      "user": 2,
      "title": "원룸 곰팡이 심한데 집주인이 환기 탓으로 돌려요",
      "content": "원룸 살고 있는데 입주 한 달도 안 돼서 벽지에 곰팡이가 심하게 생겼습니다. 환기를 안 한 적도 없고 청소도 자주 했는데 결로 때문인지 점점 심해져요. 집주인에게 얘기했더니 환기 안 한 제 잘못이라고만 합니다. 사실은 단열이 부실한 게 원인 같은데 어떻게 입증해야 할까요?",
      "category": 1,
      "is_anonymous": true,
      "is_deleted": false,
      "deleted_at": null,
      "view_count": 19,
      "created_at": "2026-05-04T04:47:11.600Z",
      "updated_at": "2026-05-04T04:47:11.600Z"
    }
  },
  {
    "model": "stories.story",
    "pk": 75,
    "fields": {
      "user": 7,
      "title": "재계약 시 집주인이 일방적으로 월세 30% 인상 요구",
      "content": "월세 살고 있는데 재계약 시기가 와서 집주인이 월세를 30%나 올려달라고 합니다. 주변 시세를 알아봐도 그 정도는 아닌데, 안 받아들이면 나가라는 식이에요. 임대료 인상에 법적인 한도가 있다고 들었는데 정확히 어떻게 적용되는지 알고 싶습니다. 거부할 권리가 있나요?",
      "category": 1,
      "is_anonymous": false,
      "is_deleted": false,
      "deleted_at": null,
      "view_count": 12,
      "created_at": "2026-05-04T04:47:11.605Z",
      "updated_at": "2026-05-04T04:47:11.605Z"
    }
  },
  {
    "model": "stories.story",
    "pk": 76,
    "fields": {
      "user": 1,
      "title": "전세사기 의심 — 등기부등본에 근저당이 많아요",
      "content": "전세 계약하려고 등기부등본 떼봤더니 근저당이 시세의 80%까지 잡혀있더라고요. 공인중개사는 '문제없다'고 했지만 불안합니다. 만약 집이 경매로 넘어가면 보증금을 받지 못할 수 있다는 얘기를 들어서요. 계약 전에 어떤 부분을 더 확인해야 안전할까요?",
      "category": 1,
      "is_anonymous": false,
      "is_deleted": false,
      "deleted_at": null,
      "view_count": 9,
      "created_at": "2026-05-04T04:47:11.609Z",
      "updated_at": "2026-05-04T04:47:11.609Z"
    }
  },
  {
    "model": "stories.story",
    "pk": 77,
    "fields": {
      "user": 6,
      "title": "수습 3개월 끝나고 정규직 전환 거부됐어요",
      "content": "3개월 수습 기간 동안 정말 열심히 일했는데, 막상 끝날 때쯤 회사에서 '평가 결과가 기대에 못 미친다'며 정규직 전환을 거부했습니다. 평가 기준이 처음에 안내된 적도 없고 구체적 사유도 모호합니다. 수습 종료 시점에 그냥 해고당하는 건 정당한 건가요? 수습이라도 부당해고 다툴 수 있나요?",
      "category": 2,
      "is_anonymous": false,
      "is_deleted": false,
      "deleted_at": null,
      "view_count": 46,
      "created_at": "2026-05-04T04:47:11.614Z",
      "updated_at": "2026-05-04T04:47:11.614Z"
    }
  },
  {
    "model": "stories.story",
    "pk": 78,
    "fields": {
      "user": 2,
      "title": "주말 출근 강요받는데 수당이 지급 안 돼요",
      "content": "거의 매주 주말 출근을 시키는데 휴일근로수당이나 대체휴무 둘 다 안 줍니다. 관리자에게 얘기하면 '연봉제니까 따로 줄 필요 없다'고 하고요. 연봉제라고 해서 법정수당까지 안 줘도 되는 건 아니라고 들었는데 맞나요? 노동청 진정이 필요한 수준일까요?",
      "category": 2,
      "is_anonymous": false,
      "is_deleted": false,
      "deleted_at": null,
      "view_count": 27,
      "created_at": "2026-05-04T04:47:11.619Z",
      "updated_at": "2026-05-04T04:47:11.619Z"
    }
  },
  {
    "model": "stories.story",
    "pk": 79,
    "fields": {
      "user": 7,
      "title": "직장 내 괴롭힘 신고 후 오히려 따돌림 받습니다",
      "content": "직장 상사의 괴롭힘을 회사에 신고했더니, 오히려 부서 사람들이 저를 따돌리기 시작했습니다. 회의에서 의도적으로 배제하고 업무 전달도 잘 안 해줘요. 괴롭힘 신고 후 불리한 처우는 법적으로 금지된 걸로 아는데, 따돌림도 여기에 해당할까요?",
      "category": 2,
      "is_anonymous": true,
      "is_deleted": false,
      "deleted_at": null,
      "view_count": 15,
      "created_at": "2026-05-04T04:47:11.623Z",
      "updated_at": "2026-05-04T04:47:11.623Z"
    }
  },
  {
    "model": "stories.story",
    "pk": 80,
    "fields": {
      "user": 1,
      "title": "퇴직금 지급이 한 달 넘게 미뤄지고 있어요",
      "content": "회사를 퇴사한 지 한 달이 지났는데 퇴직금이 들어오지 않습니다. 회사에 연락하면 '곧 처리한다'는 말만 반복합니다. 퇴직금 지연이 지속되면 어디에 신고해야 하는지, 지연 이자도 받을 수 있는지 알고 싶습니다.",
      "category": 2,
      "is_anonymous": false,
      "is_deleted": false,
      "deleted_at": null,
      "view_count": 8,
      "created_at": "2026-05-04T04:47:11.628Z",
      "updated_at": "2026-05-04T04:47:11.628Z"
    }
  },
  {
    "model": "stories.story",
    "pk": 81,
    "fields": {
      "user": 6,
      "title": "재택근무 중 사고도 산업재해 인정될까요",
      "content": "재택근무 중 책상에서 일어나다 발목을 다쳤습니다. 회사에 산재 신청을 알아봐달라고 했더니 '재택은 산재 적용 안 된다'고 답했습니다. 코로나 이후 재택근무도 산재 범위에 포함될 수 있다고 들었는데 어떤 조건이 필요한가요?",
      "category": 2,
      "is_anonymous": false,
      "is_deleted": false,
      "deleted_at": null,
      "view_count": 5,
      "created_at": "2026-05-04T04:47:11.633Z",
      "updated_at": "2026-05-04T04:47:11.633Z"
    }
  },
  {
    "model": "stories.story",
    "pk": 82,
    "fields": {
      "user": 2,
      "title": "중고거래 사기로 30만원 송금했어요",
      "content": "당근마켓에서 노트북 구매하려고 30만원 선입금했는데 그 후로 연락이 끊겼습니다. 프로필 보니 다른 사람들도 같은 피해를 봤다는 후기가 있어요. 경찰에 신고하면 되돌려받을 수 있을까요? 본인 명의 계좌로 받았더라도 추적이 어렵다는 얘기가 있어서 걱정입니다.",
      "category": 3,
      "is_anonymous": false,
      "is_deleted": false,
      "deleted_at": null,
      "view_count": 38,
      "created_at": "2026-05-04T04:47:11.637Z",
      "updated_at": "2026-05-04T04:47:11.637Z"
    }
  },
  {
    "model": "stories.story",
    "pk": 83,
    "fields": {
      "user": 6,
      "title": "헬스장 6개월 결제 후 한 달 만에 폐업",
      "content": "헬스장 6개월권 60만원 결제했는데 한 달 만에 폐업했습니다. 사장님은 잠적했고요. 카드 할부로 결제했는데 카드사 차지백 신청이 가능한지, 잔여 기간 환불받을 방법이 있는지 알고 싶습니다.",
      "category": 3,
      "is_anonymous": false,
      "is_deleted": false,
      "deleted_at": null,
      "view_count": 25,
      "created_at": "2026-05-04T04:47:11.641Z",
      "updated_at": "2026-05-04T04:47:11.641Z"
    }
  },
  {
    "model": "stories.story",
    "pk": 84,
    "fields": {
      "user": 1,
      "title": "온라인 강의 환불을 약관 핑계로 거부합니다",
      "content": "온라인 강의 50만원 결제하고 한 강 듣고 환불 요청했는데, 업체에서 '7일 이내라도 수강 시작하면 환불 불가' 약관을 들이대며 거부합니다. 이런 약관이 법적으로 유효한가요? 소비자분쟁조정위원회 신청이 효과 있을까요?",
      "category": 3,
      "is_anonymous": true,
      "is_deleted": false,
      "deleted_at": null,
      "view_count": 11,
      "created_at": "2026-05-04T04:47:11.646Z",
      "updated_at": "2026-05-04T04:47:11.646Z"
    }
  },
  {
    "model": "stories.story",
    "pk": 85,
    "fields": {
      "user": 7,
      "title": "택시 미터기 조작 의심 — 평소보다 2배 요금",
      "content": "심야에 택시 탔는데 평소 2만원 정도 나오던 거리가 4만원 가까이 나왔습니다. 기사님이 우회로로 일부러 돌아간 것 같기도 하고, 미터기 조작 의심도 듭니다. 어디에 신고하고 환불받을 수 있을까요? 영수증 있고 카드결제 했습니다.",
      "category": 3,
      "is_anonymous": false,
      "is_deleted": false,
      "deleted_at": null,
      "view_count": 7,
      "created_at": "2026-05-04T04:47:11.650Z",
      "updated_at": "2026-05-04T04:47:11.650Z"
    }
  },
  {
    "model": "stories.story",
    "pk": 86,
    "fields": {
      "user": 2,
      "title": "구독 자동결제 해지가 안 됩니다",
      "content": "OTT 구독 해지를 시도했는데 사이트에서 해지 버튼이 안 보이고, 고객센터는 연결도 안 됩니다. 매달 결제만 빠져나가서 답답합니다. 자동결제 해지가 어렵게 설계된 것도 법적으로 문제 없는 건가요?",
      "category": 3,
      "is_anonymous": false,
      "is_deleted": false,
      "deleted_at": null,
      "view_count": 4,
      "created_at": "2026-05-04T04:47:11.655Z",
      "updated_at": "2026-05-04T04:47:11.655Z"
    }
  },
  {
    "model": "stories.story",
    "pk": 87,
    "fields": {
      "user": 6,
      "title": "이혼 후 양육비 약속 지키지 않는 전 배우자",
      "content": "협의이혼 시 양육비 매달 80만원 받기로 했는데, 1년째 안 들어오고 있습니다. 전 배우자는 '돈이 없다'는 말만 합니다. 양육비 이행관리원에 신청해봤지만 진행이 더디네요. 더 강력한 법적 절차로 강제할 수 있는 방법이 있을까요?",
      "category": 4,
      "is_anonymous": true,
      "is_deleted": false,
      "deleted_at": null,
      "view_count": 41,
      "created_at": "2026-05-04T04:47:11.659Z",
      "updated_at": "2026-05-04T04:47:11.659Z"
    }
  },
  {
    "model": "stories.story",
    "pk": 88,
    "fields": {
      "user": 1,
      "title": "재산분할 협의 중 배우자가 재산을 빼돌렸어요",
      "content": "이혼 협의 중인데 배우자가 부동산 명의를 가족에게 넘기고 통장도 정리하는 정황이 있습니다. 재산분할 회피 목적으로 보이는데, 이미 처분된 재산도 분할 대상으로 되돌릴 수 있을까요? 가압류부터 신청해야 하는지 궁금합니다.",
      "category": 4,
      "is_anonymous": true,
      "is_deleted": false,
      "deleted_at": null,
      "view_count": 26,
      "created_at": "2026-05-04T04:47:11.664Z",
      "updated_at": "2026-05-04T04:47:11.664Z"
    }
  },
  {
    "model": "stories.story",
    "pk": 89,
    "fields": {
      "user": 2,
      "title": "이혼 시 친권과 양육권 분리 가능한가요",
      "content": "이혼 후 양육권은 제가 갖고, 친권은 전 배우자가 갖는 형태로 협의할 수 있는지 궁금합니다. 친권이 있어야 학교 행정이나 의료 동의 같은 게 가능하다고 들어서요. 이렇게 분리하는 게 법적으로 일반적인지요?",
      "category": 4,
      "is_anonymous": false,
      "is_deleted": false,
      "deleted_at": null,
      "view_count": 14,
      "created_at": "2026-05-04T04:47:11.669Z",
      "updated_at": "2026-05-04T04:47:11.669Z"
    }
  },
  {
    "model": "stories.story",
    "pk": 90,
    "fields": {
      "user": 7,
      "title": "사실혼 관계 해소 시 재산 정산은 어떻게 되나요",
      "content": "혼인신고 없이 5년 동거했고 같이 모은 재산이 꽤 됩니다. 헤어지게 됐는데 사실혼도 재산분할이 가능하다고 들었어요. 사실혼 입증 자료는 어떤 게 인정되는지, 분할 비율은 어떻게 정해지는지 알고 싶습니다.",
      "category": 4,
      "is_anonymous": true,
      "is_deleted": false,
      "deleted_at": null,
      "view_count": 6,
      "created_at": "2026-05-04T04:47:11.673Z",
      "updated_at": "2026-05-04T04:47:11.673Z"
    }
  },
  {
    "model": "stories.story",
    "pk": 91,
    "fields": {
      "user": 6,
      "title": "조부모가 손주 면접교섭권을 청구할 수 있나요",
      "content": "이혼한 자녀와 며느리가 손자를 데리고 가서 못 보게 한 지 2년이 됐습니다. 조부모도 면접교섭권을 청구할 수 있다고 들었는데 어떻게 신청하는 건가요? 법원에 청구하면 인정받을 가능성이 어느 정도일까요?",
      "category": 4,
      "is_anonymous": false,
      "is_deleted": false,
      "deleted_at": null,
      "view_count": 3,
      "created_at": "2026-05-04T04:47:11.677Z",
      "updated_at": "2026-05-04T04:47:11.677Z"
    }
  },
  {
    "model": "stories.story",
    "pk": 92,
    "fields": {
      "user": 1,
      "title": "우회전 사고 — 보행자 신호 막판 진입",
      "content": "우회전 중에 보행자 신호 끝나갈 때 갑자기 횡단보도로 뛰어든 보행자와 충돌했습니다. 다행히 큰 부상은 없었지만, 보험사가 100% 제 과실로 처리하려고 합니다. 보행자 신호가 명확히 빨간불이었는데도 운전자 일방 과실인 게 맞나요? 블랙박스 영상도 있습니다.",
      "category": 5,
      "is_anonymous": false,
      "is_deleted": false,
      "deleted_at": null,
      "view_count": 33,
      "created_at": "2026-05-04T04:47:11.682Z",
      "updated_at": "2026-05-04T04:47:11.682Z"
    }
  },
  {
    "model": "stories.story",
    "pk": 93,
    "fields": {
      "user": 6,
      "title": "주차장 후진 사고 — 비접촉 사고도 책임?",
      "content": "주차장에서 후진 중 다른 차량이 갑자기 끼어들다가 본인이 놀라서 옆 기둥을 박았습니다. 그 차량 운전자가 저 때문에 사고가 났다며 보험 처리를 요구합니다. 비접촉 사고도 이런 식으로 책임을 묻는 게 가능한가요?",
      "category": 5,
      "is_anonymous": false,
      "is_deleted": false,
      "deleted_at": null,
      "view_count": 19,
      "created_at": "2026-05-04T04:47:11.686Z",
      "updated_at": "2026-05-04T04:47:11.686Z"
    }
  },
  {
    "model": "stories.story",
    "pk": 94,
    "fields": {
      "user": 7,
      "title": "음주운전 차량에 추돌당해서 입원했어요",
      "content": "신호 대기 중 뒤에서 음주운전 차량이 추돌해 목·허리 부상으로 2주 입원했습니다. 상대방 보험사는 합의금을 적게 제시하는데, 음주운전인 경우 형사 처벌과는 별개로 민사 손해배상도 가중되는지 궁금합니다.",
      "category": 5,
      "is_anonymous": false,
      "is_deleted": false,
      "deleted_at": null,
      "view_count": 11,
      "created_at": "2026-05-04T04:47:11.690Z",
      "updated_at": "2026-05-04T04:47:11.690Z"
    }
  },
  {
    "model": "stories.story",
    "pk": 95,
    "fields": {
      "user": 2,
      "title": "킥보드 사고 — 자동차보험으로 보장되나요",
      "content": "전동킥보드 타다가 갑자기 튀어나온 자동차와 부딪혀 다쳤습니다. 자동차 운전자가 100% 잘못한 것 같은데, 킥보드 운전자 보험 가입 의무도 있다고 들어서 헷갈립니다. 어떻게 보상받을 수 있는지요?",
      "category": 5,
      "is_anonymous": false,
      "is_deleted": false,
      "deleted_at": null,
      "view_count": 5,
      "created_at": "2026-05-04T04:47:11.694Z",
      "updated_at": "2026-05-04T04:47:11.694Z"
    }
  },
  {
    "model": "stories.story",
    "pk": 96,
    "fields": {
      "user": 1,
      "title": "자전거 vs 보행자 사고 — 자전거가 책임진다?",
      "content": "자전거 도로 없는 인도에서 자전거 타다 보행자와 충돌했습니다. 보행자가 다쳤는데 자전거는 보험이 따로 없어서 모든 비용을 제가 부담해야 하는 상황입니다. 이런 경우 어떤 보상 한도가 있는지, 형사 처벌 가능성은 있는지 알고 싶습니다.",
      "category": 5,
      "is_anonymous": true,
      "is_deleted": false,
      "deleted_at": null,
      "view_count": 2,
      "created_at": "2026-05-04T04:47:11.699Z",
      "updated_at": "2026-05-04T04:47:11.699Z"
    }
  },
  {
    "model": "stories.story",
    "pk": 97,
    "fields": {
      "user": 6,
      "title": "전 연인이 SNS에 사적 사진을 올렸어요",
      "content": "헤어진 전 연인이 헤어진 직후 제 사진과 사생활 내용을 SNS에 올려서 지인들이 다 봤습니다. 본인은 '사실만 적었다'고 합니다. 사실이라도 사생활 침해나 명예훼손이 될 수 있는지, 어떻게 신고해야 하는지 알고 싶습니다.",
      "category": 6,
      "is_anonymous": true,
      "is_deleted": false,
      "deleted_at": null,
      "view_count": 44,
      "created_at": "2026-05-04T04:47:11.703Z",
      "updated_at": "2026-05-04T04:47:11.703Z"
    }
  },
  {
    "model": "stories.story",
    "pk": 98,
    "fields": {
      "user": 1,
      "title": "보이스피싱으로 600만원 송금했어요",
      "content": "검찰 사칭 보이스피싱에 속아 600만원을 안전계좌로 송금했습니다. 30분 후 이상함을 느끼고 경찰 신고했지만 이미 인출됐다고 합니다. 송금 직후 신고했는데도 회수가 어렵다는 게 맞나요? 보이스피싱 피해금 환급 절차가 어떻게 되는지요?",
      "category": 6,
      "is_anonymous": true,
      "is_deleted": false,
      "deleted_at": null,
      "view_count": 28,
      "created_at": "2026-05-04T04:47:11.707Z",
      "updated_at": "2026-05-04T04:47:11.707Z"
    }
  },
  {
    "model": "stories.story",
    "pk": 99,
    "fields": {
      "user": 7,
      "title": "회사 동료가 제 SNS를 무단 캡처해서 단톡방에",
      "content": "비공개 SNS에 올린 글을 회사 동료가 캡처해서 회사 단톡방에 올렸습니다. 그 글에 회사 험담은 없었지만 사생활이 노출돼 부담스럽습니다. 비공개 글의 무단 공개도 법적 제재가 가능한가요?",
      "category": 6,
      "is_anonymous": false,
      "is_deleted": false,
      "deleted_at": null,
      "view_count": 16,
      "created_at": "2026-05-04T04:47:11.712Z",
      "updated_at": "2026-05-04T04:47:11.712Z"
    }
  },
  {
    "model": "stories.story",
    "pk": 100,
    "fields": {
      "user": 2,
      "title": "건물주가 임차인 비밀번호로 가게 무단 진입",
      "content": "상가 임차인인데, 폐문 시간에 건물주가 본인이 알고 있는 도어록 비밀번호로 가게에 들어와 매장 사진을 찍어갔습니다. 건물주라도 임차인 동의 없이 들어오면 주거침입에 해당하지 않나요? 어떻게 대응해야 할까요?",
      "category": 6,
      "is_anonymous": false,
      "is_deleted": false,
      "deleted_at": null,
      "view_count": 9,
      "created_at": "2026-05-04T04:47:11.716Z",
      "updated_at": "2026-05-04T04:47:11.716Z"
    }
  },
  {
    "model": "stories.story",
    "pk": 101,
    "fields": {
      "user": 6,
      "title": "층간소음 보복으로 천장 두드림 당하고 있어요",
      "content": "아래층에서 층간소음 항의로 매일 새벽 천장을 망치로 두드리고 욕설도 들립니다. 오히려 저희가 잠을 못 자고 있어요. 이런 보복 행위도 형사 처벌 대상이 될 수 있나요? 신고는 어디로 해야 효과적일까요?",
      "category": 6,
      "is_anonymous": true,
      "is_deleted": false,
      "deleted_at": null,
      "view_count": 4,
      "created_at": "2026-05-04T04:47:11.721Z",
      "updated_at": "2026-05-04T04:47:11.721Z"
    }
  },
  {
    "model": "stories.story",
    "pk": 102,
    "fields": {
      "user": 1,
      "title": "아파트 매매 — 잔금 직전 등기 변경 발견",
      "content": "잔금 치르기 일주일 전 등기부등본을 다시 떼봤더니 가압류가 새로 잡혀있었습니다. 매도인은 '곧 해결하겠다'고 하지만 불안해서 잔금을 미뤘습니다. 매수인 보호 차원에서 어떤 조치를 취할 수 있나요? 계약 해제 사유가 되는지요?",
      "category": 7,
      "is_anonymous": false,
      "is_deleted": false,
      "deleted_at": null,
      "view_count": 36,
      "created_at": "2026-05-04T04:47:11.725Z",
      "updated_at": "2026-05-04T04:47:11.725Z"
    }
  },
  {
    "model": "stories.story",
    "pk": 103,
    "fields": {
      "user": 6,
      "title": "오피스텔 매매 — 임차인이 명도 거부",
      "content": "오피스텔 매수했는데 기존 임차인이 약속한 날에 나가지 않고 있습니다. 매도인은 본인이 알 바 아니라며 책임을 회피합니다. 명도 소송까지 가야 하는지, 매도인의 책임은 어디까지인지 궁금합니다.",
      "category": 7,
      "is_anonymous": false,
      "is_deleted": false,
      "deleted_at": null,
      "view_count": 21,
      "created_at": "2026-05-04T04:47:11.730Z",
      "updated_at": "2026-05-04T04:47:11.730Z"
    }
  },
  {
    "model": "stories.story",
    "pk": 104,
    "fields": {
      "user": 2,
      "title": "공인중개사 설명과 다른 하자 — 보상 가능?",
      "content": "신축 빌라 매수 후 입주했는데 공인중개사가 '하자 없다'고 한 부분에서 누수와 균열이 발견됐습니다. 매도인이 알고도 숨긴 정황이 있어요. 매도인과 중개사 모두에게 손해배상 청구가 가능한가요?",
      "category": 7,
      "is_anonymous": false,
      "is_deleted": false,
      "deleted_at": null,
      "view_count": 13,
      "created_at": "2026-05-04T04:47:11.734Z",
      "updated_at": "2026-05-04T04:47:11.734Z"
    }
  },
  {
    "model": "stories.story",
    "pk": 105,
    "fields": {
      "user": 7,
      "title": "다운계약 강요받았는데 나중에 문제 안 될까요",
      "content": "매수 협상 중 매도인이 다운계약을 강요합니다. 안 받으면 계약 안 한다는 식이에요. 다운계약하면 나중에 양도세 추징·과태료 등 위험이 있다고 들었는데, 매수인도 처벌 대상인가요?",
      "category": 7,
      "is_anonymous": false,
      "is_deleted": false,
      "deleted_at": null,
      "view_count": 6,
      "created_at": "2026-05-04T04:47:11.738Z",
      "updated_at": "2026-05-04T04:47:11.738Z"
    }
  },
  {
    "model": "stories.story",
    "pk": 106,
    "fields": {
      "user": 1,
      "title": "재개발 지역 빌라 매수 — 입주권 인정 안 돼요",
      "content": "재개발 구역 내 빌라를 매수했는데, 조합에서 '입주권 자격 안 된다'고 통보받았습니다. 공인중개사는 입주권 받을 수 있다고 설명했는데 차이가 큽니다. 어떻게 대응해야 할지 막막합니다.",
      "category": 7,
      "is_anonymous": false,
      "is_deleted": false,
      "deleted_at": null,
      "view_count": 2,
      "created_at": "2026-05-04T04:47:11.743Z",
      "updated_at": "2026-05-04T04:47:11.743Z"
    }
  },
  {
    "model": "stories.story",
    "pk": 107,
    "fields": {
      "user": 6,
      "title": "보증 잘못 서서 친구 빚을 떠안게 됐어요",
      "content": "10년 전 친구 사업 보증 섰는데 친구가 잠적하면서 채권자가 저에게 청구하고 있습니다. 이미 시간이 지났는데 시효가 지난 건 아닌지, 지금 받은 청구에 어떻게 대응해야 하는지 막막합니다.",
      "category": 8,
      "is_anonymous": true,
      "is_deleted": false,
      "deleted_at": null,
      "view_count": 33,
      "created_at": "2026-05-04T04:47:11.748Z",
      "updated_at": "2026-05-04T04:47:11.748Z"
    }
  },
  {
    "model": "stories.story",
    "pk": 108,
    "fields": {
      "user": 2,
      "title": "사채업자한테 협박당하고 있어요",
      "content": "급해서 사채를 썼는데 갚기 시작한 후로 협박 전화·문자가 계속 옵니다. 이자도 법정금리를 한참 넘는 것 같아요. 협박 자체가 처벌 대상인지, 초과 이자는 안 갚아도 되는지 궁금합니다.",
      "category": 8,
      "is_anonymous": false,
      "is_deleted": false,
      "deleted_at": null,
      "view_count": 24,
      "created_at": "2026-05-04T04:47:11.752Z",
      "updated_at": "2026-05-04T04:47:11.752Z"
    }
  },
  {
    "model": "stories.story",
    "pk": 109,
    "fields": {
      "user": 1,
      "title": "회생 절차 후 가족이 보증한 빚도 사라지나요",
      "content": "개인회생 절차를 시작했는데, 제가 진 빚 중 일부는 부모님이 보증을 서신 게 있습니다. 회생 인가되면 제 채무는 일부 면책되지만 보증인인 부모님은 어떻게 되는지 정확히 알고 싶습니다.",
      "category": 8,
      "is_anonymous": false,
      "is_deleted": false,
      "deleted_at": null,
      "view_count": 11,
      "created_at": "2026-05-04T04:47:11.757Z",
      "updated_at": "2026-05-04T04:47:11.757Z"
    }
  },
  {
    "model": "stories.story",
    "pk": 110,
    "fields": {
      "user": 7,
      "title": "전 동업자가 회사 자금을 사적으로 썼어요",
      "content": "동업으로 운영한 카페에서 동업자가 회사 카드로 개인 물품을 구매한 정황이 있습니다. 동업 종료 시 정산하면서 알게 됐는데, 횡령으로 형사 고소가 가능한지 민사로 가야 하는지 헷갈립니다.",
      "category": 8,
      "is_anonymous": true,
      "is_deleted": false,
      "deleted_at": null,
      "view_count": 6,
      "created_at": "2026-05-04T04:47:11.762Z",
      "updated_at": "2026-05-04T04:47:11.762Z"
    }
  },
  {
    "model": "stories.story",
    "pk": 111,
    "fields": {
      "user": 6,
      "title": "카드 결제 대금 분쟁 — 사용 안 한 결제 청구",
      "content": "카드 명세서에 사용한 적 없는 결제가 100만원 넘게 잡혔습니다. 카드사에 이의 제기했지만 '본인 인증 정상'이라며 처리해 줄 수 없다고 합니다. 어떻게 다퉈야 환불받을 수 있을까요?",
      "category": 8,
      "is_anonymous": false,
      "is_deleted": false,
      "deleted_at": null,
      "view_count": 1,
      "created_at": "2026-05-04T04:47:11.768Z",
      "updated_at": "2026-05-04T04:47:11.768Z"
    }
  },
  {
    "model": "stories.story",
    "pk": 112,
    "fields": {
      "user": 6,
      "title": "층간소음 분쟁 — 관리사무소 중재가 효과 없어요",
      "content": "위층 소음으로 1년째 고통받고 있는데, 관리사무소 중재도 잠시 효과가 있다가 다시 반복됩니다. 환경분쟁조정위에 신청해야 하는지, 직접 민사 소송으로 가야 하는지 알고 싶습니다.",
      "category": 9,
      "is_anonymous": false,
      "is_deleted": false,
      "deleted_at": null,
      "view_count": 29,
      "created_at": "2026-05-04T04:47:11.773Z",
      "updated_at": "2026-05-04T04:47:11.773Z"
    }
  },
  {
    "model": "stories.story",
    "pk": 113,
    "fields": {
      "user": 1,
      "title": "반려견이 옆집 강아지를 물어서 합의금 분쟁",
      "content": "산책 중 제 강아지가 옆집 강아지를 물어 다치게 했습니다. 옆집은 치료비 외에 정신적 위자료까지 요구하는데, 합의금 산정 기준이 어떻게 되는지 궁금합니다. 반려동물 관련 분쟁 사례가 있을까요?",
      "category": 9,
      "is_anonymous": false,
      "is_deleted": false,
      "deleted_at": null,
      "view_count": 18,
      "created_at": "2026-05-04T04:47:11.778Z",
      "updated_at": "2026-05-04T04:47:11.778Z"
    }
  },
  {
    "model": "stories.story",
    "pk": 114,
    "fields": {
      "user": 2,
      "title": "집에서 운영한 공방 — 이웃이 영업 중단 요구",
      "content": "집에서 도자기 공방을 운영하는데, 이웃이 시끄럽다며 영업 중단을 요구합니다. 주거지역에서 가내 공방도 제약이 있는지, 어떤 기준으로 판단되는지 알고 싶습니다.",
      "category": 9,
      "is_anonymous": true,
      "is_deleted": false,
      "deleted_at": null,
      "view_count": 9,
      "created_at": "2026-05-04T04:47:11.782Z",
      "updated_at": "2026-05-04T04:47:11.782Z"
    }
  },
  {
    "model": "stories.story",
    "pk": 115,
    "fields": {
      "user": 7,
      "title": "온라인 사기 피해 모임 — 단체 소송 가능한가요",
      "content": "온라인 사기 피해자 모임에서 한 사람당 피해액은 적지만 합치면 큰 금액입니다. 단체 소송이나 공동 고소 형태로 진행할 수 있는지, 어떤 절차가 효율적인지 알고 싶습니다.",
      "category": 9,
      "is_anonymous": false,
      "is_deleted": false,
      "deleted_at": null,
      "view_count": 4,
      "created_at": "2026-05-04T04:47:11.787Z",
      "updated_at": "2026-05-04T04:47:11.787Z"
    }
  },
  {
    "model": "stories.story",
    "pk": 116,
    "fields": {
      "user": 1,
      "title": "유튜브 영상 무단 도용 — 어떻게 대응하나요",
      "content": "제가 만든 유튜브 영상을 다른 채널이 일부 편집해서 자기 콘텐츠처럼 올렸습니다. 조회수도 제 원본보다 많이 나옵니다. 저작권 신고만으로 충분한지, 손해배상도 가능한지 알고 싶습니다.",
      "category": 9,
      "is_anonymous": false,
      "is_deleted": false,
      "deleted_at": null,
      "view_count": 2,
      "created_at": "2026-05-04T04:47:11.791Z",
      "updated_at": "2026-05-04T04:47:11.791Z"
    }
  },
  {
    "model": "legal_data.law",
    "pk": 1,
    "fields": {
      "law_name": "주택임대차보호법",
      "article_number": "제7조",
      "article_title": "차임 등의 증감청구권",
      "content": "당사자는 약정한 차임이나 보증금이 임차주택에 관한 조세, 공과금, 그 밖의 부담의 증감이나 경제사정의 변동으로 적절하지 아니하게 된 때에는 장래에 대하여 그 증감을 청구할 수 있다. 다만, 증액의 경우에는 대통령령으로 정하는 기준에 따른 비율을 초과하지 못한다.\n(법조문 본문 일부 발췌 — 정확한 전문은 source_url 참조)",
      "category": 1,
      "keywords": "전세,월세,보증금,차임,증감,임대인,임차인",
      "source_url": "https://www.law.go.kr/법령/주택임대차보호법",
      "is_active": true,
      "created_at": "2026-04-28T05:03:31.470Z",
      "updated_at": "2026-05-04T03:43:49.313Z"
    }
  },
  {
    "model": "legal_data.law",
    "pk": 2,
    "fields": {
      "law_name": "주택임대차보호법",
      "article_number": "제3조",
      "article_title": "대항력 등",
      "content": "① 임대차는 그 등기가 없는 경우에도 임차인이 주택의 인도와 주민등록을 마친 때에는 그 다음 날부터 제3자에 대하여 효력이 생긴다.\n(제1항만 발췌. 제2항~제5항은 source_url 참조)",
      "category": 1,
      "keywords": "대항력,전입신고,확정일자,임차인,보증금",
      "source_url": "https://www.law.go.kr/법령/주택임대차보호법",
      "is_active": true,
      "created_at": "2026-04-28T05:03:31.472Z",
      "updated_at": "2026-05-04T03:43:49.315Z"
    }
  },
  {
    "model": "legal_data.law",
    "pk": 3,
    "fields": {
      "law_name": "근로기준법",
      "article_number": "제23조",
      "article_title": "해고 등의 제한",
      "content": "① 사용자는 근로자에게 정당한 이유 없이 해고, 휴직, 정직, 전직, 감봉, 그 밖의 징벌(이하 “부당해고등”이라 한다)을 하지 못한다.\n(제1항만 발췌. 제2항(요양 중 해고 제한 등)은 source_url 참조)",
      "category": 2,
      "keywords": "해고,정당한이유,징계,부당해고,근로자",
      "source_url": "https://www.law.go.kr/법령/근로기준법",
      "is_active": true,
      "created_at": "2026-04-28T05:03:31.473Z",
      "updated_at": "2026-05-04T03:43:49.317Z"
    }
  },
  {
    "model": "legal_data.law",
    "pk": 4,
    "fields": {
      "law_name": "형법",
      "article_number": "제307조",
      "article_title": "명예훼손",
      "content": "① 공연히 사실을 적시하여 사람의 명예를 훼손한 자는 2년 이하의 징역이나 금고 또는 500만원 이하의 벌금에 처한다.\n② 공연히 허위의 사실을 적시하여 사람의 명예를 훼손한 자는 5년 이하의 징역, 10년 이하의 자격정지 또는 1천만원 이하의 벌금에 처한다.",
      "category": 6,
      "keywords": "명예훼손,사실적시,허위사실,공연성",
      "source_url": "https://www.law.go.kr/법령/형법",
      "is_active": true,
      "created_at": "2026-04-28T05:03:31.476Z",
      "updated_at": "2026-05-04T03:43:49.319Z"
    }
  },
  {
    "model": "legal_data.law",
    "pk": 5,
    "fields": {
      "law_name": "민법",
      "article_number": "제750조",
      "article_title": "불법행위의 내용",
      "content": "고의 또는 과실로 인한 위법행위로 타인에게 손해를 가한 자는 그 손해를 배상할 책임이 있다.",
      "category": 9,
      "keywords": "불법행위,손해배상,손해,배상,고의,과실,위법,누수,침해,청구",
      "source_url": "https://www.law.go.kr/법령/민법",
      "is_active": true,
      "created_at": "2026-04-28T05:03:31.477Z",
      "updated_at": "2026-05-04T03:43:49.320Z"
    }
  },
  {
    "model": "legal_data.law",
    "pk": 6,
    "fields": {
      "law_name": "전자상거래 등에서의 소비자보호에 관한 법률",
      "article_number": "제17조",
      "article_title": "청약철회 등",
      "content": "통신판매의 방법으로 재화등의 구매에 관한 계약을 체결한 소비자는 다음 각 호의 기간(거래당사자가 다음 각 호의 기간보다 긴 기간으로 약정한 경우에는 그 기간) 이내에 해당 계약에 관한 청약철회등을 할 수 있다.\n(법조문 본문 일부 발췌 — 정확한 전문은 source_url 참조)",
      "category": 3,
      "keywords": "청약철회,환불,통신판매,7일,온라인쇼핑",
      "source_url": "https://www.law.go.kr/법령/전자상거래등에서의소비자보호에관한법률",
      "is_active": true,
      "created_at": "2026-05-04T03:11:31.605Z",
      "updated_at": "2026-05-04T03:43:49.322Z"
    }
  },
  {
    "model": "legal_data.law",
    "pk": 7,
    "fields": {
      "law_name": "약관의 규제에 관한 법률",
      "article_number": "제6조",
      "article_title": "일반원칙",
      "content": "신의성실의 원칙을 위반하여 공정을 잃은 약관 조항은 무효로 한다.\n(법조문 본문 일부 발췌 — 정확한 전문은 source_url 참조)",
      "category": 3,
      "keywords": "약관,불공정,무효,신의성실,소비자",
      "source_url": "https://www.law.go.kr/법령/약관의규제에관한법률",
      "is_active": true,
      "created_at": "2026-05-04T03:11:31.612Z",
      "updated_at": "2026-05-04T03:43:49.324Z"
    }
  },
  {
    "model": "legal_data.law",
    "pk": 8,
    "fields": {
      "law_name": "민법",
      "article_number": "제837조",
      "article_title": "이혼과 자의 양육책임",
      "content": "이혼하는 부모는 협의에 의하여 자(子)의 양육에 관한 사항을 정한다. 협의가 이루어지지 아니하거나 협의할 수 없는 때에는 가정법원이 직권으로 또는 당사자의 청구에 따라 정한다.\n(법조문 본문 일부 발췌 — 정확한 전문은 source_url 참조)",
      "category": 4,
      "keywords": "양육비,양육권,이혼,협의,가정법원",
      "source_url": "https://www.law.go.kr/법령/민법",
      "is_active": true,
      "created_at": "2026-05-04T03:11:31.614Z",
      "updated_at": "2026-05-04T03:43:49.325Z"
    }
  },
  {
    "model": "legal_data.law",
    "pk": 9,
    "fields": {
      "law_name": "민법",
      "article_number": "제839조의2",
      "article_title": "재산분할청구권",
      "content": "협의상 이혼한 자의 일방은 다른 일방에 대하여 재산분할을 청구할 수 있다.\n(법조문 본문 일부 발췌 — 정확한 전문은 source_url 참조)",
      "category": 4,
      "keywords": "재산분할,이혼,협의,청구권",
      "source_url": "https://www.law.go.kr/법령/민법",
      "is_active": true,
      "created_at": "2026-05-04T03:11:31.616Z",
      "updated_at": "2026-05-04T03:43:49.327Z"
    }
  },
  {
    "model": "legal_data.law",
    "pk": 10,
    "fields": {
      "law_name": "자동차손해배상 보장법",
      "article_number": "제3조",
      "article_title": "자동차손해배상책임",
      "content": "자기를 위하여 자동차를 운행하는 자는 그 운행으로 다른 사람을 사망하게 하거나 부상하게 한 경우에는 그 손해를 배상할 책임을 진다.\n(법조문 본문 일부 발췌 — 정확한 전문은 source_url 참조)",
      "category": 5,
      "keywords": "운행자책임,교통사고,손해배상,과실",
      "source_url": "https://www.law.go.kr/법령/자동차손해배상보장법",
      "is_active": true,
      "created_at": "2026-05-04T03:11:31.618Z",
      "updated_at": "2026-05-04T03:43:49.328Z"
    }
  },
  {
    "model": "legal_data.law",
    "pk": 11,
    "fields": {
      "law_name": "도로교통법",
      "article_number": "제54조",
      "article_title": "사고발생 시의 조치",
      "content": "차 또는 노면전차의 운전 등 교통으로 인하여 사람을 사상하거나 물건을 손괴한 경우에는 그 차 또는 노면전차의 운전자나 그 밖의 승무원은 즉시 정차하여 사상자를 구호하는 등 필요한 조치를 하여야 한다.\n(법조문 본문 일부 발췌 — 정확한 전문은 source_url 참조)",
      "category": 5,
      "keywords": "교통사고,사고조치,운전자,구호의무",
      "source_url": "https://www.law.go.kr/법령/도로교통법",
      "is_active": true,
      "created_at": "2026-05-04T03:11:31.620Z",
      "updated_at": "2026-05-04T03:43:49.330Z"
    }
  },
  {
    "model": "legal_data.law",
    "pk": 12,
    "fields": {
      "law_name": "민법",
      "article_number": "제565조",
      "article_title": "해약금",
      "content": "매매의 당사자 일방이 계약 당시에 금전 기타 물건을 계약금, 보증금 등의 명목으로 상대방에게 교부한 때에는 당사자간에 다른 약정이 없는 한 당사자의 일방이 이행에 착수할 때까지 교부자는 이를 포기하고 수령자는 그 배액을 상환하여 매매계약을 해제할 수 있다.",
      "category": 7,
      "keywords": "해약금,계약금,배액상환,매매계약,해제",
      "source_url": "https://www.law.go.kr/법령/민법",
      "is_active": true,
      "created_at": "2026-05-04T03:11:31.622Z",
      "updated_at": "2026-05-04T03:43:49.332Z"
    }
  },
  {
    "model": "legal_data.law",
    "pk": 13,
    "fields": {
      "law_name": "민법",
      "article_number": "제162조",
      "article_title": "채권, 재산권의 소멸시효",
      "content": "① 채권은 10년간 행사하지 아니하면 소멸시효가 완성한다.\n(제1항만 발췌. 제2항(재산권 20년) 등은 source_url 참조)",
      "category": 8,
      "keywords": "소멸시효,채권,10년,차용,차용금,빌려준,카톡",
      "source_url": "https://www.law.go.kr/법령/민법",
      "is_active": true,
      "created_at": "2026-05-04T03:11:31.623Z",
      "updated_at": "2026-05-04T03:43:49.334Z"
    }
  },
  {
    "model": "legal_data.law",
    "pk": 14,
    "fields": {
      "law_name": "민법",
      "article_number": "제428조",
      "article_title": "보증채무의 내용",
      "content": "① 보증인은 주채무자가 이행하지 아니하는 채무를 이행할 의무가 있다.\n(법조문 본문 일부 발췌 — 정확한 전문은 source_url 참조)",
      "category": 8,
      "keywords": "보증채무,주채무,이행의무,연대보증",
      "source_url": "https://www.law.go.kr/법령/민법",
      "is_active": true,
      "created_at": "2026-05-04T03:11:31.625Z",
      "updated_at": "2026-05-04T03:43:49.335Z"
    }
  },
  {
    "model": "legal_data.precedent",
    "pk": 1,
    "fields": {
      "case_number": "[임시] 2022다123456",
      "case_name": "임대차 보증금 반환 청구 사건",
      "court": "대법원",
      "judgment_date": "2022-06-15",
      "summary": "임차인의 원상복구 의무는 통상의 사용으로 인한 자연마모를 포함하지 않는다는 취지의 판단.",
      "content": "[임시 본문 — STEP 8 이후 본격 적재 시 교체 예정]\n본 사건은 임대차 종료 후 임차인의 원상복구 의무 범위가 쟁점이 되었다. 법원은 통상적 사용으로 인한 자연마모는 임차인의 원상복구 의무 범위에 포함되지 않는다고 판단하였다.",
      "category": 1,
      "keywords": "보증금,원상복구,자연마모,임차인,임대인",
      "source_url": "",
      "result_type": "plaintiff_partial",
      "created_at": "2026-04-28T05:03:31.478Z",
      "updated_at": "2026-05-04T03:43:49.338Z",
      "related_laws": [
        1
      ]
    }
  },
  {
    "model": "legal_data.precedent",
    "pk": 2,
    "fields": {
      "case_number": "[임시] 2023나98765",
      "case_name": "부당해고 구제 사건",
      "court": "서울중앙지방법원",
      "judgment_date": "2023-03-22",
      "summary": "절차적 정당성을 갖추지 못한 해고는 무효라는 취지의 판단.",
      "content": "[임시 본문 — STEP 8 이후 본격 적재 시 교체 예정]\n본 사건은 사용자가 징계위원회 절차를 거치지 않고 해고를 통보한 사안으로, 법원은 해고에 정당한 이유가 있더라도 절차적 정당성을 결한 경우 해고가 무효임을 판시하였다.",
      "category": 2,
      "keywords": "부당해고,절차,징계위원회,근로자",
      "source_url": "",
      "result_type": "plaintiff_win",
      "created_at": "2026-04-28T05:03:31.481Z",
      "updated_at": "2026-05-04T03:43:49.342Z",
      "related_laws": [
        3
      ]
    }
  },
  {
    "model": "legal_data.precedent",
    "pk": 3,
    "fields": {
      "case_number": "[임시] 2021도54321",
      "case_name": "명예훼손 위법성 조각 사건",
      "court": "대법원",
      "judgment_date": "2021-11-04",
      "summary": "공익 목적이 인정되는 경우 명예훼손의 위법성이 조각될 수 있다는 취지의 판단.",
      "content": "[임시 본문 — STEP 8 이후 본격 적재 시 교체 예정]\n본 사건은 공적 사안에 관한 사실 적시가 명예훼손에 해당하는지가 쟁점이 되었다. 법원은 공익 목적이 주된 동기이고 적시된 사실이 진실에 부합하는 경우 형법상 위법성이 조각된다고 판단하였다.",
      "category": 6,
      "keywords": "명예훼손,위법성조각,공익,사실적시",
      "source_url": "",
      "result_type": "defendant_win",
      "created_at": "2026-04-28T05:03:31.483Z",
      "updated_at": "2026-05-04T03:43:49.344Z",
      "related_laws": [
        4
      ]
    }
  },
  {
    "model": "legal_data.precedent",
    "pk": 4,
    "fields": {
      "case_number": "[임시] 2022다112233",
      "case_name": "온라인 쇼핑몰 환불 거부 사건",
      "court": "서울중앙지방법원",
      "judgment_date": "2022-09-08",
      "summary": "통신판매업자가 청약철회 기간 내 환불 요청을 부당하게 거부한 경우 전자상거래법 위반에 해당한다는 취지의 판단.",
      "content": "[임시 본문 — STEP 8 이후 본격 적재 시 교체 예정]\n본 사건은 소비자가 배송 파손을 이유로 환불을 요청했으나 판매자가 '소비자 부주의'를 이유로 거부한 사안으로, 법원은 청약철회 기간 내 정당한 사유 없는 환불 거부는 위법하다고 판단하였다.",
      "category": 3,
      "keywords": "환불거부,청약철회,통신판매,소비자보호",
      "source_url": "",
      "result_type": "plaintiff_win",
      "created_at": "2026-05-04T03:11:31.645Z",
      "updated_at": "2026-05-04T03:43:49.347Z",
      "related_laws": [
        6
      ]
    }
  },
  {
    "model": "legal_data.precedent",
    "pk": 5,
    "fields": {
      "case_number": "[임시] 2023느합3456",
      "case_name": "양육비 산정 기준 사건",
      "court": "서울가정법원",
      "judgment_date": "2023-05-11",
      "summary": "양육비 산정표는 합리적 기준이지만 양육의 구체적 사정을 종합 고려하여 조정할 수 있다는 취지의 판단.",
      "content": "[임시 본문 — STEP 8 이후 본격 적재 시 교체 예정]\n본 사건은 미성년 자녀의 양육비 액수가 쟁점이 된 가사사건으로, 가정법원은 양육비 산정표를 기준으로 하되 부모의 재산·소득, 자녀의 연령·교육환경 등을 종합하여 양육비를 정한다고 판시하였다.",
      "category": 4,
      "keywords": "양육비,산정표,이혼,가정법원,자녀",
      "source_url": "",
      "result_type": "plaintiff_partial",
      "created_at": "2026-05-04T03:11:31.651Z",
      "updated_at": "2026-05-04T03:43:49.350Z",
      "related_laws": [
        8
      ]
    }
  },
  {
    "model": "legal_data.precedent",
    "pk": 6,
    "fields": {
      "case_number": "[임시] 2022나445566",
      "case_name": "이면도로 신호 없는 사거리 사고 과실비율 사건",
      "court": "서울중앙지방법원",
      "judgment_date": "2022-11-25",
      "summary": "신호 없는 교차로에서 좌우 미확인 상태로 진입한 차량의 과실이 더 크게 인정될 수 있다는 취지의 판단.",
      "content": "[임시 본문 — STEP 8 이후 본격 적재 시 교체 예정]\n본 사건은 신호 없는 사거리에서 양 차량이 충돌한 사안으로, 법원은 좌우 안전을 확인하지 않고 진입한 차량의 과실이 더 크다고 판단하여 과실비율을 조정하였다.",
      "category": 5,
      "keywords": "교통사고,과실비율,이면도로,신호없는교차로,블랙박스",
      "source_url": "",
      "result_type": "plaintiff_partial",
      "created_at": "2026-05-04T03:11:31.654Z",
      "updated_at": "2026-05-04T03:43:49.352Z",
      "related_laws": [
        10
      ]
    }
  },
  {
    "model": "legal_data.precedent",
    "pk": 7,
    "fields": {
      "case_number": "[임시] 2023가합7788",
      "case_name": "아파트 매매 일방 해제 통보 사건",
      "court": "서울중앙지방법원",
      "judgment_date": "2023-08-17",
      "summary": "매도인이 시세 상승을 이유로 일방 해제를 통보한 경우, 매수인은 계약 이행 강제 또는 손해배상을 선택할 수 있다는 취지의 판단.",
      "content": "[임시 본문 — STEP 8 이후 본격 적재 시 교체 예정]\n본 사건은 부동산 매매 계약 후 시세 상승으로 매도인이 일방 해제를 통보한 사안으로, 법원은 매수인이 이행이익 상실에 대한 손해배상을 청구할 수 있다고 판시하였다.",
      "category": 7,
      "keywords": "매매계약,일방해제,위약금,이행강제,부동산",
      "source_url": "",
      "result_type": "plaintiff_win",
      "created_at": "2026-05-04T03:11:31.657Z",
      "updated_at": "2026-05-04T03:43:49.355Z",
      "related_laws": [
        12
      ]
    }
  },
  {
    "model": "legal_data.precedent",
    "pk": 8,
    "fields": {
      "case_number": "[임시] 2021가소9876",
      "case_name": "카톡 메시지 차용 입증 사건",
      "court": "서울중앙지방법원",
      "judgment_date": "2021-07-30",
      "summary": "차용증 없이도 카카오톡 메시지와 계좌이체 내역으로 금전소비대차계약의 성립을 인정할 수 있다는 취지의 판단.",
      "content": "[임시 본문 — STEP 8 이후 본격 적재 시 교체 예정]\n본 사건은 차용증이 없고 카톡 메시지와 이체 내역만 있는 상황에서 금전소비대차의 성립이 다투어진 사안으로, 법원은 메시지 내용과 이체 정황을 종합해 채권 성립을 인정하였다.",
      "category": 8,
      "keywords": "차용금,카카오톡,입증,소멸시효,금전소비대차",
      "source_url": "",
      "result_type": "plaintiff_win",
      "created_at": "2026-05-04T03:11:31.660Z",
      "updated_at": "2026-05-04T03:43:49.358Z",
      "related_laws": [
        13
      ]
    }
  },
  {
    "model": "legal_data.precedent",
    "pk": 9,
    "fields": {
      "case_number": "[임시] 2022가단55432",
      "case_name": "공동주택 누수 손해배상 사건",
      "court": "서울중앙지방법원",
      "judgment_date": "2022-04-19",
      "summary": "윗집 전유부분의 누수로 인한 아랫집 손해는 점유자가 제1차 책임을 지고, 공용부분 결함은 관리주체가 책임을 진다는 취지의 판단.",
      "content": "[임시 본문 — STEP 8 이후 본격 적재 시 교체 예정]\n본 사건은 윗집의 배관 노후로 아랫집에 누수 피해가 발생한 사안으로, 법원은 전유부분 시설물의 점유자에게 1차적 손해배상 책임이 있다고 판단하였다.",
      "category": 9,
      "keywords": "누수,손해배상,공동주택,점유자,불법행위",
      "source_url": "",
      "result_type": "plaintiff_partial",
      "created_at": "2026-05-04T03:12:37.090Z",
      "updated_at": "2026-05-04T03:43:49.361Z",
      "related_laws": [
        5
      ]
    }
  },
  {
    "model": "interactions.like",
    "pk": 1,
    "fields": {
      "user": 1,
      "target_type": "story",
      "target_id": 62,
      "created_at": "2026-04-28T07:42:56.116Z"
    }
  },
  {
    "model": "interactions.like",
    "pk": 3,
    "fields": {
      "user": 2,
      "target_type": "comment",
      "target_id": 1,
      "created_at": "2026-04-28T07:45:04.508Z"
    }
  },
  {
    "model": "interactions.like",
    "pk": 6,
    "fields": {
      "user": 1,
      "target_type": "comment",
      "target_id": 36,
      "created_at": "2026-05-04T04:49:37.069Z"
    }
  },
  {
    "model": "interactions.like",
    "pk": 7,
    "fields": {
      "user": 2,
      "target_type": "comment",
      "target_id": 36,
      "created_at": "2026-05-04T04:49:37.075Z"
    }
  },
  {
    "model": "interactions.like",
    "pk": 8,
    "fields": {
      "user": 7,
      "target_type": "comment",
      "target_id": 36,
      "created_at": "2026-05-04T04:49:37.079Z"
    }
  },
  {
    "model": "interactions.like",
    "pk": 9,
    "fields": {
      "user": 8,
      "target_type": "comment",
      "target_id": 36,
      "created_at": "2026-05-04T04:49:37.083Z"
    }
  },
  {
    "model": "interactions.like",
    "pk": 10,
    "fields": {
      "user": 2,
      "target_type": "comment",
      "target_id": 44,
      "created_at": "2026-05-04T04:49:37.089Z"
    }
  },
  {
    "model": "interactions.like",
    "pk": 11,
    "fields": {
      "user": 7,
      "target_type": "comment",
      "target_id": 44,
      "created_at": "2026-05-04T04:49:37.093Z"
    }
  },
  {
    "model": "interactions.like",
    "pk": 12,
    "fields": {
      "user": 8,
      "target_type": "comment",
      "target_id": 44,
      "created_at": "2026-05-04T04:49:37.097Z"
    }
  },
  {
    "model": "interactions.like",
    "pk": 13,
    "fields": {
      "user": 1,
      "target_type": "comment",
      "target_id": 65,
      "created_at": "2026-05-04T04:49:37.103Z"
    }
  },
  {
    "model": "interactions.like",
    "pk": 14,
    "fields": {
      "user": 2,
      "target_type": "comment",
      "target_id": 65,
      "created_at": "2026-05-04T04:49:37.107Z"
    }
  },
  {
    "model": "interactions.like",
    "pk": 15,
    "fields": {
      "user": 7,
      "target_type": "comment",
      "target_id": 65,
      "created_at": "2026-05-04T04:49:37.111Z"
    }
  },
  {
    "model": "interactions.like",
    "pk": 16,
    "fields": {
      "user": 8,
      "target_type": "comment",
      "target_id": 65,
      "created_at": "2026-05-04T04:49:37.116Z"
    }
  },
  {
    "model": "interactions.like",
    "pk": 17,
    "fields": {
      "user": 9,
      "target_type": "comment",
      "target_id": 65,
      "created_at": "2026-05-04T04:49:37.120Z"
    }
  },
  {
    "model": "interactions.like",
    "pk": 18,
    "fields": {
      "user": 1,
      "target_type": "story",
      "target_id": 77,
      "created_at": "2026-05-04T04:49:37.148Z"
    }
  },
  {
    "model": "interactions.like",
    "pk": 19,
    "fields": {
      "user": 1,
      "target_type": "comment",
      "target_id": 39,
      "created_at": "2026-05-04T05:31:42.131Z"
    }
  },
  {
    "model": "interactions.like",
    "pk": 20,
    "fields": {
      "user": 2,
      "target_type": "comment",
      "target_id": 39,
      "created_at": "2026-05-04T05:31:42.136Z"
    }
  },
  {
    "model": "interactions.like",
    "pk": 21,
    "fields": {
      "user": 7,
      "target_type": "comment",
      "target_id": 39,
      "created_at": "2026-05-04T05:31:42.139Z"
    }
  },
  {
    "model": "interactions.like",
    "pk": 22,
    "fields": {
      "user": 1,
      "target_type": "comment",
      "target_id": 83,
      "created_at": "2026-05-04T05:31:42.145Z"
    }
  },
  {
    "model": "interactions.like",
    "pk": 23,
    "fields": {
      "user": 2,
      "target_type": "comment",
      "target_id": 83,
      "created_at": "2026-05-04T05:31:42.149Z"
    }
  },
  {
    "model": "interactions.like",
    "pk": 24,
    "fields": {
      "user": 7,
      "target_type": "comment",
      "target_id": 83,
      "created_at": "2026-05-04T05:31:42.153Z"
    }
  },
  {
    "model": "interactions.like",
    "pk": 25,
    "fields": {
      "user": 8,
      "target_type": "comment",
      "target_id": 83,
      "created_at": "2026-05-04T05:31:42.157Z"
    }
  },
  {
    "model": "interactions.like",
    "pk": 26,
    "fields": {
      "user": 7,
      "target_type": "comment",
      "target_id": 41,
      "created_at": "2026-05-04T05:31:42.163Z"
    }
  },
  {
    "model": "interactions.like",
    "pk": 27,
    "fields": {
      "user": 8,
      "target_type": "comment",
      "target_id": 41,
      "created_at": "2026-05-04T05:31:42.167Z"
    }
  },
  {
    "model": "interactions.like",
    "pk": 28,
    "fields": {
      "user": 9,
      "target_type": "comment",
      "target_id": 41,
      "created_at": "2026-05-04T05:31:42.171Z"
    }
  },
  {
    "model": "interactions.like",
    "pk": 29,
    "fields": {
      "user": 1,
      "target_type": "comment",
      "target_id": 43,
      "created_at": "2026-05-04T05:31:42.177Z"
    }
  },
  {
    "model": "interactions.like",
    "pk": 30,
    "fields": {
      "user": 2,
      "target_type": "comment",
      "target_id": 43,
      "created_at": "2026-05-04T05:31:42.181Z"
    }
  },
  {
    "model": "interactions.like",
    "pk": 31,
    "fields": {
      "user": 7,
      "target_type": "comment",
      "target_id": 43,
      "created_at": "2026-05-04T05:31:42.184Z"
    }
  },
  {
    "model": "interactions.like",
    "pk": 32,
    "fields": {
      "user": 1,
      "target_type": "comment",
      "target_id": 47,
      "created_at": "2026-05-04T05:31:42.190Z"
    }
  },
  {
    "model": "interactions.like",
    "pk": 33,
    "fields": {
      "user": 7,
      "target_type": "comment",
      "target_id": 47,
      "created_at": "2026-05-04T05:31:42.194Z"
    }
  },
  {
    "model": "interactions.like",
    "pk": 34,
    "fields": {
      "user": 8,
      "target_type": "comment",
      "target_id": 47,
      "created_at": "2026-05-04T05:31:42.198Z"
    }
  },
  {
    "model": "interactions.like",
    "pk": 35,
    "fields": {
      "user": 1,
      "target_type": "comment",
      "target_id": 49,
      "created_at": "2026-05-04T05:31:42.204Z"
    }
  },
  {
    "model": "interactions.like",
    "pk": 36,
    "fields": {
      "user": 2,
      "target_type": "comment",
      "target_id": 49,
      "created_at": "2026-05-04T05:31:42.208Z"
    }
  },
  {
    "model": "interactions.like",
    "pk": 37,
    "fields": {
      "user": 9,
      "target_type": "comment",
      "target_id": 49,
      "created_at": "2026-05-04T05:31:42.212Z"
    }
  },
  {
    "model": "interactions.like",
    "pk": 38,
    "fields": {
      "user": 7,
      "target_type": "comment",
      "target_id": 90,
      "created_at": "2026-05-04T05:31:42.218Z"
    }
  },
  {
    "model": "interactions.like",
    "pk": 39,
    "fields": {
      "user": 8,
      "target_type": "comment",
      "target_id": 90,
      "created_at": "2026-05-04T05:31:42.222Z"
    }
  },
  {
    "model": "interactions.like",
    "pk": 40,
    "fields": {
      "user": 9,
      "target_type": "comment",
      "target_id": 90,
      "created_at": "2026-05-04T05:31:42.226Z"
    }
  },
  {
    "model": "interactions.like",
    "pk": 41,
    "fields": {
      "user": 1,
      "target_type": "comment",
      "target_id": 93,
      "created_at": "2026-05-04T05:31:42.231Z"
    }
  },
  {
    "model": "interactions.like",
    "pk": 42,
    "fields": {
      "user": 7,
      "target_type": "comment",
      "target_id": 93,
      "created_at": "2026-05-04T05:31:42.235Z"
    }
  },
  {
    "model": "interactions.like",
    "pk": 43,
    "fields": {
      "user": 8,
      "target_type": "comment",
      "target_id": 93,
      "created_at": "2026-05-04T05:31:42.240Z"
    }
  },
  {
    "model": "interactions.like",
    "pk": 44,
    "fields": {
      "user": 2,
      "target_type": "comment",
      "target_id": 50,
      "created_at": "2026-05-04T05:31:42.245Z"
    }
  },
  {
    "model": "interactions.like",
    "pk": 45,
    "fields": {
      "user": 7,
      "target_type": "comment",
      "target_id": 50,
      "created_at": "2026-05-04T05:31:42.250Z"
    }
  },
  {
    "model": "interactions.like",
    "pk": 46,
    "fields": {
      "user": 8,
      "target_type": "comment",
      "target_id": 50,
      "created_at": "2026-05-04T05:31:42.254Z"
    }
  },
  {
    "model": "interactions.like",
    "pk": 47,
    "fields": {
      "user": 1,
      "target_type": "comment",
      "target_id": 52,
      "created_at": "2026-05-04T05:31:42.260Z"
    }
  },
  {
    "model": "interactions.like",
    "pk": 48,
    "fields": {
      "user": 7,
      "target_type": "comment",
      "target_id": 52,
      "created_at": "2026-05-04T05:31:42.264Z"
    }
  },
  {
    "model": "interactions.like",
    "pk": 49,
    "fields": {
      "user": 9,
      "target_type": "comment",
      "target_id": 52,
      "created_at": "2026-05-04T05:31:42.268Z"
    }
  },
  {
    "model": "interactions.like",
    "pk": 50,
    "fields": {
      "user": 2,
      "target_type": "comment",
      "target_id": 54,
      "created_at": "2026-05-04T05:31:42.274Z"
    }
  },
  {
    "model": "interactions.like",
    "pk": 51,
    "fields": {
      "user": 7,
      "target_type": "comment",
      "target_id": 54,
      "created_at": "2026-05-04T05:31:42.279Z"
    }
  },
  {
    "model": "interactions.like",
    "pk": 52,
    "fields": {
      "user": 8,
      "target_type": "comment",
      "target_id": 54,
      "created_at": "2026-05-04T05:31:42.283Z"
    }
  },
  {
    "model": "interactions.like",
    "pk": 53,
    "fields": {
      "user": 1,
      "target_type": "comment",
      "target_id": 98,
      "created_at": "2026-05-04T05:31:42.288Z"
    }
  },
  {
    "model": "interactions.like",
    "pk": 54,
    "fields": {
      "user": 8,
      "target_type": "comment",
      "target_id": 98,
      "created_at": "2026-05-04T05:31:42.292Z"
    }
  },
  {
    "model": "interactions.like",
    "pk": 55,
    "fields": {
      "user": 9,
      "target_type": "comment",
      "target_id": 98,
      "created_at": "2026-05-04T05:31:42.296Z"
    }
  },
  {
    "model": "interactions.like",
    "pk": 56,
    "fields": {
      "user": 2,
      "target_type": "comment",
      "target_id": 101,
      "created_at": "2026-05-04T05:31:42.301Z"
    }
  },
  {
    "model": "interactions.like",
    "pk": 57,
    "fields": {
      "user": 7,
      "target_type": "comment",
      "target_id": 101,
      "created_at": "2026-05-04T05:31:42.306Z"
    }
  },
  {
    "model": "interactions.like",
    "pk": 58,
    "fields": {
      "user": 8,
      "target_type": "comment",
      "target_id": 101,
      "created_at": "2026-05-04T05:31:42.310Z"
    }
  },
  {
    "model": "interactions.like",
    "pk": 59,
    "fields": {
      "user": 1,
      "target_type": "comment",
      "target_id": 55,
      "created_at": "2026-05-04T05:31:42.318Z"
    }
  },
  {
    "model": "interactions.like",
    "pk": 60,
    "fields": {
      "user": 2,
      "target_type": "comment",
      "target_id": 55,
      "created_at": "2026-05-04T05:31:42.323Z"
    }
  },
  {
    "model": "interactions.like",
    "pk": 61,
    "fields": {
      "user": 8,
      "target_type": "comment",
      "target_id": 55,
      "created_at": "2026-05-04T05:31:42.329Z"
    }
  },
  {
    "model": "interactions.like",
    "pk": 62,
    "fields": {
      "user": 7,
      "target_type": "comment",
      "target_id": 58,
      "created_at": "2026-05-04T05:31:42.337Z"
    }
  },
  {
    "model": "interactions.like",
    "pk": 63,
    "fields": {
      "user": 8,
      "target_type": "comment",
      "target_id": 58,
      "created_at": "2026-05-04T05:31:42.342Z"
    }
  },
  {
    "model": "interactions.like",
    "pk": 64,
    "fields": {
      "user": 9,
      "target_type": "comment",
      "target_id": 58,
      "created_at": "2026-05-04T05:31:42.348Z"
    }
  },
  {
    "model": "interactions.like",
    "pk": 65,
    "fields": {
      "user": 2,
      "target_type": "comment",
      "target_id": 59,
      "created_at": "2026-05-04T05:31:42.355Z"
    }
  },
  {
    "model": "interactions.like",
    "pk": 66,
    "fields": {
      "user": 7,
      "target_type": "comment",
      "target_id": 59,
      "created_at": "2026-05-04T05:31:42.361Z"
    }
  },
  {
    "model": "interactions.like",
    "pk": 67,
    "fields": {
      "user": 8,
      "target_type": "comment",
      "target_id": 59,
      "created_at": "2026-05-04T05:31:42.367Z"
    }
  },
  {
    "model": "interactions.like",
    "pk": 68,
    "fields": {
      "user": 1,
      "target_type": "comment",
      "target_id": 108,
      "created_at": "2026-05-04T05:31:42.376Z"
    }
  },
  {
    "model": "interactions.like",
    "pk": 69,
    "fields": {
      "user": 7,
      "target_type": "comment",
      "target_id": 108,
      "created_at": "2026-05-04T05:31:42.381Z"
    }
  },
  {
    "model": "interactions.like",
    "pk": 70,
    "fields": {
      "user": 8,
      "target_type": "comment",
      "target_id": 108,
      "created_at": "2026-05-04T05:31:42.386Z"
    }
  },
  {
    "model": "interactions.like",
    "pk": 71,
    "fields": {
      "user": 2,
      "target_type": "comment",
      "target_id": 111,
      "created_at": "2026-05-04T05:31:42.394Z"
    }
  },
  {
    "model": "interactions.like",
    "pk": 72,
    "fields": {
      "user": 7,
      "target_type": "comment",
      "target_id": 111,
      "created_at": "2026-05-04T05:31:42.399Z"
    }
  },
  {
    "model": "interactions.like",
    "pk": 73,
    "fields": {
      "user": 9,
      "target_type": "comment",
      "target_id": 111,
      "created_at": "2026-05-04T05:31:42.404Z"
    }
  },
  {
    "model": "interactions.like",
    "pk": 74,
    "fields": {
      "user": 1,
      "target_type": "comment",
      "target_id": 63,
      "created_at": "2026-05-04T05:31:42.410Z"
    }
  },
  {
    "model": "interactions.like",
    "pk": 75,
    "fields": {
      "user": 7,
      "target_type": "comment",
      "target_id": 63,
      "created_at": "2026-05-04T05:31:42.415Z"
    }
  },
  {
    "model": "interactions.like",
    "pk": 76,
    "fields": {
      "user": 8,
      "target_type": "comment",
      "target_id": 63,
      "created_at": "2026-05-04T05:31:42.420Z"
    }
  },
  {
    "model": "interactions.like",
    "pk": 77,
    "fields": {
      "user": 2,
      "target_type": "comment",
      "target_id": 64,
      "created_at": "2026-05-04T05:31:42.426Z"
    }
  },
  {
    "model": "interactions.like",
    "pk": 78,
    "fields": {
      "user": 7,
      "target_type": "comment",
      "target_id": 64,
      "created_at": "2026-05-04T05:31:42.431Z"
    }
  },
  {
    "model": "interactions.like",
    "pk": 79,
    "fields": {
      "user": 9,
      "target_type": "comment",
      "target_id": 64,
      "created_at": "2026-05-04T05:31:42.436Z"
    }
  },
  {
    "model": "interactions.like",
    "pk": 80,
    "fields": {
      "user": 1,
      "target_type": "comment",
      "target_id": 118,
      "created_at": "2026-05-04T05:31:42.442Z"
    }
  },
  {
    "model": "interactions.like",
    "pk": 81,
    "fields": {
      "user": 7,
      "target_type": "comment",
      "target_id": 118,
      "created_at": "2026-05-04T05:31:42.447Z"
    }
  },
  {
    "model": "interactions.like",
    "pk": 82,
    "fields": {
      "user": 8,
      "target_type": "comment",
      "target_id": 118,
      "created_at": "2026-05-04T05:31:42.451Z"
    }
  },
  {
    "model": "interactions.like",
    "pk": 83,
    "fields": {
      "user": 2,
      "target_type": "comment",
      "target_id": 121,
      "created_at": "2026-05-04T05:31:42.458Z"
    }
  },
  {
    "model": "interactions.like",
    "pk": 84,
    "fields": {
      "user": 8,
      "target_type": "comment",
      "target_id": 121,
      "created_at": "2026-05-04T05:31:42.462Z"
    }
  },
  {
    "model": "interactions.like",
    "pk": 85,
    "fields": {
      "user": 9,
      "target_type": "comment",
      "target_id": 121,
      "created_at": "2026-05-04T05:31:42.467Z"
    }
  },
  {
    "model": "interactions.like",
    "pk": 86,
    "fields": {
      "user": 2,
      "target_type": "comment",
      "target_id": 68,
      "created_at": "2026-05-04T05:31:42.473Z"
    }
  },
  {
    "model": "interactions.like",
    "pk": 87,
    "fields": {
      "user": 7,
      "target_type": "comment",
      "target_id": 68,
      "created_at": "2026-05-04T05:31:42.478Z"
    }
  },
  {
    "model": "interactions.like",
    "pk": 88,
    "fields": {
      "user": 8,
      "target_type": "comment",
      "target_id": 68,
      "created_at": "2026-05-04T05:31:42.483Z"
    }
  },
  {
    "model": "interactions.like",
    "pk": 89,
    "fields": {
      "user": 1,
      "target_type": "comment",
      "target_id": 69,
      "created_at": "2026-05-04T05:31:42.489Z"
    }
  },
  {
    "model": "interactions.like",
    "pk": 90,
    "fields": {
      "user": 7,
      "target_type": "comment",
      "target_id": 69,
      "created_at": "2026-05-04T05:31:42.494Z"
    }
  },
  {
    "model": "interactions.like",
    "pk": 91,
    "fields": {
      "user": 9,
      "target_type": "comment",
      "target_id": 69,
      "created_at": "2026-05-04T05:31:42.499Z"
    }
  },
  {
    "model": "interactions.like",
    "pk": 92,
    "fields": {
      "user": 1,
      "target_type": "comment",
      "target_id": 128,
      "created_at": "2026-05-04T05:31:42.506Z"
    }
  },
  {
    "model": "interactions.like",
    "pk": 93,
    "fields": {
      "user": 2,
      "target_type": "comment",
      "target_id": 128,
      "created_at": "2026-05-04T05:31:42.511Z"
    }
  },
  {
    "model": "interactions.like",
    "pk": 94,
    "fields": {
      "user": 8,
      "target_type": "comment",
      "target_id": 128,
      "created_at": "2026-05-04T05:31:42.515Z"
    }
  },
  {
    "model": "interactions.like",
    "pk": 95,
    "fields": {
      "user": 7,
      "target_type": "comment",
      "target_id": 131,
      "created_at": "2026-05-04T05:31:42.524Z"
    }
  },
  {
    "model": "interactions.like",
    "pk": 96,
    "fields": {
      "user": 8,
      "target_type": "comment",
      "target_id": 131,
      "created_at": "2026-05-04T05:31:42.530Z"
    }
  },
  {
    "model": "interactions.like",
    "pk": 97,
    "fields": {
      "user": 9,
      "target_type": "comment",
      "target_id": 131,
      "created_at": "2026-05-04T05:31:42.536Z"
    }
  },
  {
    "model": "interactions.like",
    "pk": 98,
    "fields": {
      "user": 2,
      "target_type": "comment",
      "target_id": 70,
      "created_at": "2026-05-04T05:31:42.543Z"
    }
  },
  {
    "model": "interactions.like",
    "pk": 99,
    "fields": {
      "user": 7,
      "target_type": "comment",
      "target_id": 70,
      "created_at": "2026-05-04T05:31:42.554Z"
    }
  },
  {
    "model": "interactions.like",
    "pk": 100,
    "fields": {
      "user": 8,
      "target_type": "comment",
      "target_id": 70,
      "created_at": "2026-05-04T05:31:42.559Z"
    }
  },
  {
    "model": "interactions.like",
    "pk": 101,
    "fields": {
      "user": 1,
      "target_type": "comment",
      "target_id": 72,
      "created_at": "2026-05-04T05:31:42.565Z"
    }
  },
  {
    "model": "interactions.like",
    "pk": 102,
    "fields": {
      "user": 7,
      "target_type": "comment",
      "target_id": 72,
      "created_at": "2026-05-04T05:31:42.570Z"
    }
  },
  {
    "model": "interactions.like",
    "pk": 103,
    "fields": {
      "user": 9,
      "target_type": "comment",
      "target_id": 72,
      "created_at": "2026-05-04T05:31:42.576Z"
    }
  },
  {
    "model": "interactions.like",
    "pk": 104,
    "fields": {
      "user": 2,
      "target_type": "comment",
      "target_id": 136,
      "created_at": "2026-05-04T05:31:42.583Z"
    }
  },
  {
    "model": "interactions.like",
    "pk": 105,
    "fields": {
      "user": 7,
      "target_type": "comment",
      "target_id": 136,
      "created_at": "2026-05-04T05:31:42.589Z"
    }
  },
  {
    "model": "interactions.like",
    "pk": 106,
    "fields": {
      "user": 8,
      "target_type": "comment",
      "target_id": 136,
      "created_at": "2026-05-04T05:31:42.594Z"
    }
  },
  {
    "model": "interactions.like",
    "pk": 107,
    "fields": {
      "user": 1,
      "target_type": "comment",
      "target_id": 139,
      "created_at": "2026-05-04T05:31:42.600Z"
    }
  },
  {
    "model": "interactions.like",
    "pk": 108,
    "fields": {
      "user": 7,
      "target_type": "comment",
      "target_id": 139,
      "created_at": "2026-05-04T05:31:42.604Z"
    }
  },
  {
    "model": "interactions.like",
    "pk": 109,
    "fields": {
      "user": 9,
      "target_type": "comment",
      "target_id": 139,
      "created_at": "2026-05-04T05:31:42.609Z"
    }
  },
  {
    "model": "interactions.like",
    "pk": 110,
    "fields": {
      "user": 2,
      "target_type": "comment",
      "target_id": 142,
      "created_at": "2026-05-04T05:31:42.615Z"
    }
  },
  {
    "model": "interactions.like",
    "pk": 111,
    "fields": {
      "user": 8,
      "target_type": "comment",
      "target_id": 142,
      "created_at": "2026-05-04T05:31:42.619Z"
    }
  },
  {
    "model": "interactions.like",
    "pk": 112,
    "fields": {
      "user": 9,
      "target_type": "comment",
      "target_id": 142,
      "created_at": "2026-05-04T05:31:42.624Z"
    }
  },
  {
    "model": "interactions.like",
    "pk": 113,
    "fields": {
      "user": 2,
      "target_type": "comment",
      "target_id": 73,
      "created_at": "2026-05-04T05:31:42.630Z"
    }
  },
  {
    "model": "interactions.like",
    "pk": 114,
    "fields": {
      "user": 7,
      "target_type": "comment",
      "target_id": 73,
      "created_at": "2026-05-04T05:31:42.634Z"
    }
  },
  {
    "model": "interactions.like",
    "pk": 115,
    "fields": {
      "user": 8,
      "target_type": "comment",
      "target_id": 73,
      "created_at": "2026-05-04T05:31:42.638Z"
    }
  },
  {
    "model": "interactions.like",
    "pk": 116,
    "fields": {
      "user": 1,
      "target_type": "comment",
      "target_id": 75,
      "created_at": "2026-05-04T05:31:42.644Z"
    }
  },
  {
    "model": "interactions.like",
    "pk": 117,
    "fields": {
      "user": 7,
      "target_type": "comment",
      "target_id": 75,
      "created_at": "2026-05-04T05:31:42.648Z"
    }
  },
  {
    "model": "interactions.like",
    "pk": 118,
    "fields": {
      "user": 9,
      "target_type": "comment",
      "target_id": 75,
      "created_at": "2026-05-04T05:31:42.652Z"
    }
  },
  {
    "model": "interactions.like",
    "pk": 119,
    "fields": {
      "user": 2,
      "target_type": "comment",
      "target_id": 76,
      "created_at": "2026-05-04T05:31:42.658Z"
    }
  },
  {
    "model": "interactions.like",
    "pk": 120,
    "fields": {
      "user": 7,
      "target_type": "comment",
      "target_id": 76,
      "created_at": "2026-05-04T05:31:42.663Z"
    }
  },
  {
    "model": "interactions.like",
    "pk": 121,
    "fields": {
      "user": 8,
      "target_type": "comment",
      "target_id": 76,
      "created_at": "2026-05-04T05:31:42.668Z"
    }
  },
  {
    "model": "interactions.like",
    "pk": 122,
    "fields": {
      "user": 1,
      "target_type": "comment",
      "target_id": 149,
      "created_at": "2026-05-04T05:31:42.674Z"
    }
  },
  {
    "model": "interactions.like",
    "pk": 123,
    "fields": {
      "user": 7,
      "target_type": "comment",
      "target_id": 149,
      "created_at": "2026-05-04T05:31:42.678Z"
    }
  },
  {
    "model": "interactions.like",
    "pk": 124,
    "fields": {
      "user": 9,
      "target_type": "comment",
      "target_id": 149,
      "created_at": "2026-05-04T05:31:42.683Z"
    }
  },
  {
    "model": "interactions.like",
    "pk": 125,
    "fields": {
      "user": 2,
      "target_type": "comment",
      "target_id": 152,
      "created_at": "2026-05-04T05:31:42.688Z"
    }
  },
  {
    "model": "interactions.like",
    "pk": 126,
    "fields": {
      "user": 7,
      "target_type": "comment",
      "target_id": 152,
      "created_at": "2026-05-04T05:31:42.692Z"
    }
  },
  {
    "model": "interactions.like",
    "pk": 127,
    "fields": {
      "user": 8,
      "target_type": "comment",
      "target_id": 152,
      "created_at": "2026-05-04T05:31:42.697Z"
    }
  },
  {
    "model": "interactions.like",
    "pk": 128,
    "fields": {
      "user": 1,
      "target_type": "comment",
      "target_id": 77,
      "created_at": "2026-05-04T05:31:42.703Z"
    }
  },
  {
    "model": "interactions.like",
    "pk": 129,
    "fields": {
      "user": 2,
      "target_type": "comment",
      "target_id": 77,
      "created_at": "2026-05-04T05:31:42.707Z"
    }
  },
  {
    "model": "interactions.like",
    "pk": 130,
    "fields": {
      "user": 8,
      "target_type": "comment",
      "target_id": 77,
      "created_at": "2026-05-04T05:31:42.711Z"
    }
  },
  {
    "model": "interactions.like",
    "pk": 131,
    "fields": {
      "user": 7,
      "target_type": "comment",
      "target_id": 78,
      "created_at": "2026-05-04T05:31:42.717Z"
    }
  },
  {
    "model": "interactions.like",
    "pk": 132,
    "fields": {
      "user": 8,
      "target_type": "comment",
      "target_id": 78,
      "created_at": "2026-05-04T05:31:42.721Z"
    }
  },
  {
    "model": "interactions.like",
    "pk": 133,
    "fields": {
      "user": 9,
      "target_type": "comment",
      "target_id": 78,
      "created_at": "2026-05-04T05:31:42.725Z"
    }
  },
  {
    "model": "interactions.like",
    "pk": 134,
    "fields": {
      "user": 1,
      "target_type": "comment",
      "target_id": 158,
      "created_at": "2026-05-04T05:31:42.730Z"
    }
  },
  {
    "model": "interactions.like",
    "pk": 135,
    "fields": {
      "user": 7,
      "target_type": "comment",
      "target_id": 158,
      "created_at": "2026-05-04T05:31:42.734Z"
    }
  },
  {
    "model": "interactions.like",
    "pk": 136,
    "fields": {
      "user": 8,
      "target_type": "comment",
      "target_id": 158,
      "created_at": "2026-05-04T05:31:42.739Z"
    }
  },
  {
    "model": "interactions.like",
    "pk": 137,
    "fields": {
      "user": 2,
      "target_type": "comment",
      "target_id": 160,
      "created_at": "2026-05-04T05:31:42.745Z"
    }
  },
  {
    "model": "interactions.like",
    "pk": 138,
    "fields": {
      "user": 7,
      "target_type": "comment",
      "target_id": 160,
      "created_at": "2026-05-04T05:31:42.749Z"
    }
  },
  {
    "model": "interactions.like",
    "pk": 139,
    "fields": {
      "user": 8,
      "target_type": "comment",
      "target_id": 160,
      "created_at": "2026-05-04T05:31:42.754Z"
    }
  },
  {
    "model": "interactions.like",
    "pk": 140,
    "fields": {
      "user": 1,
      "target_type": "comment",
      "target_id": 163,
      "created_at": "2026-05-04T05:31:42.759Z"
    }
  },
  {
    "model": "interactions.like",
    "pk": 141,
    "fields": {
      "user": 7,
      "target_type": "comment",
      "target_id": 163,
      "created_at": "2026-05-04T05:31:42.764Z"
    }
  },
  {
    "model": "interactions.like",
    "pk": 142,
    "fields": {
      "user": 9,
      "target_type": "comment",
      "target_id": 163,
      "created_at": "2026-05-04T05:31:42.768Z"
    }
  },
  {
    "model": "interactions.like",
    "pk": 143,
    "fields": {
      "user": 1,
      "target_type": "comment",
      "target_id": 60,
      "created_at": "2026-05-04T05:32:20.298Z"
    }
  },
  {
    "model": "interactions.like",
    "pk": 144,
    "fields": {
      "user": 2,
      "target_type": "comment",
      "target_id": 60,
      "created_at": "2026-05-04T05:32:20.305Z"
    }
  },
  {
    "model": "interactions.like",
    "pk": 145,
    "fields": {
      "user": 7,
      "target_type": "comment",
      "target_id": 60,
      "created_at": "2026-05-04T05:32:20.309Z"
    }
  },
  {
    "model": "interactions.like",
    "pk": 146,
    "fields": {
      "user": 8,
      "target_type": "comment",
      "target_id": 60,
      "created_at": "2026-05-04T05:32:20.314Z"
    }
  },
  {
    "model": "interactions.report",
    "pk": 1,
    "fields": {
      "user": 1,
      "comment": 79,
      "reason": "spam",
      "detail": "",
      "created_at": "2026-05-04T04:49:37.130Z"
    }
  },
  {
    "model": "interactions.report",
    "pk": 2,
    "fields": {
      "user": 2,
      "comment": 79,
      "reason": "spam",
      "detail": "",
      "created_at": "2026-05-04T04:49:37.135Z"
    }
  },
  {
    "model": "interactions.report",
    "pk": 3,
    "fields": {
      "user": 7,
      "comment": 79,
      "reason": "spam",
      "detail": "",
      "created_at": "2026-05-04T04:49:37.139Z"
    }
  },
  {
    "model": "interactions.report",
    "pk": 4,
    "fields": {
      "user": 1,
      "comment": 82,
      "reason": "spam",
      "detail": "",
      "created_at": "2026-05-04T04:52:51.940Z"
    }
  },
  {
    "model": "interactions.report",
    "pk": 5,
    "fields": {
      "user": 2,
      "comment": 82,
      "reason": "spam",
      "detail": "",
      "created_at": "2026-05-04T04:52:51.945Z"
    }
  },
  {
    "model": "interactions.report",
    "pk": 6,
    "fields": {
      "user": 7,
      "comment": 82,
      "reason": "spam",
      "detail": "",
      "created_at": "2026-05-04T04:52:51.949Z"
    }
  },
  {
    "model": "interactions.report",
    "pk": 7,
    "fields": {
      "user": 1,
      "comment": 173,
      "reason": "spam",
      "detail": "",
      "created_at": "2026-05-04T05:31:42.777Z"
    }
  },
  {
    "model": "interactions.report",
    "pk": 8,
    "fields": {
      "user": 2,
      "comment": 173,
      "reason": "spam",
      "detail": "",
      "created_at": "2026-05-04T05:31:42.782Z"
    }
  },
  {
    "model": "interactions.report",
    "pk": 9,
    "fields": {
      "user": 7,
      "comment": 173,
      "reason": "spam",
      "detail": "",
      "created_at": "2026-05-04T05:31:42.786Z"
    }
  },
  {
    "model": "interactions.report",
    "pk": 10,
    "fields": {
      "user": 1,
      "comment": 174,
      "reason": "spam",
      "detail": "",
      "created_at": "2026-05-04T05:32:20.423Z"
    }
  },
  {
    "model": "interactions.report",
    "pk": 11,
    "fields": {
      "user": 2,
      "comment": 174,
      "reason": "spam",
      "detail": "",
      "created_at": "2026-05-04T05:32:20.427Z"
    }
  },
  {
    "model": "interactions.report",
    "pk": 12,
    "fields": {
      "user": 7,
      "comment": 174,
      "reason": "spam",
      "detail": "",
      "created_at": "2026-05-04T05:32:20.430Z"
    }
  },
  {
    "model": "interactions.bookmark",
    "pk": 3,
    "fields": {
      "user": 1,
      "target_type": "story",
      "target_id": 1,
      "created_at": "2026-04-28T07:45:34.568Z"
    }
  },
  {
    "model": "interactions.bookmark",
    "pk": 4,
    "fields": {
      "user": 1,
      "target_type": "law",
      "target_id": 1,
      "created_at": "2026-04-28T07:45:34.621Z"
    }
  },
  {
    "model": "interactions.bookmark",
    "pk": 5,
    "fields": {
      "user": 1,
      "target_type": "precedent",
      "target_id": 1,
      "created_at": "2026-04-28T07:45:34.672Z"
    }
  },
  {
    "model": "interactions.comment",
    "pk": 36,
    "fields": {
      "user": 6,
      "story": 72,
      "parent": null,
      "content": "참고로 만기 1개월 전까지 임대인이 갱신 거절·조건 변경 통지 안 하면 묵시적 갱신이 성립합니다. 연락두절 자체로 임차인이 불리해지진 않으니 카톡·문자 기록은 모두 보존해두세요.",
      "is_deleted": false,
      "deletion_reason": "",
      "deleted_at": null,
      "created_at": "2026-05-04T04:49:36.823Z",
      "updated_at": "2026-05-04T04:49:36.823Z"
    }
  },
  {
    "model": "interactions.comment",
    "pk": 38,
    "fields": {
      "user": 1,
      "story": 72,
      "parent": null,
      "content": "이사 못 가는 상황이 생기면 임차권등기명령부터 신청하세요. 보증금 안 받고 이사 가도 대항력·우선변제권 유지됩니다.",
      "is_deleted": false,
      "deletion_reason": "",
      "deleted_at": null,
      "created_at": "2026-05-04T04:49:36.835Z",
      "updated_at": "2026-05-04T04:49:36.835Z"
    }
  },
  {
    "model": "interactions.comment",
    "pk": 39,
    "fields": {
      "user": 6,
      "story": 73,
      "parent": null,
      "content": "통상의 마모와 자연 노후화는 임차인 부담이 아닙니다. 입주 시 사진이 없어도 출장비 영수증, 도배지 견적서 등을 요구하면 부풀린 금액 확인 가능해요.",
      "is_deleted": false,
      "deletion_reason": "",
      "deleted_at": null,
      "created_at": "2026-05-04T04:49:36.840Z",
      "updated_at": "2026-05-04T04:49:36.840Z"
    }
  },
  {
    "model": "interactions.comment",
    "pk": 40,
    "fields": {
      "user": 7,
      "story": 73,
      "parent": null,
      "content": "저는 같은 케이스에서 한국소비자원 분쟁조정으로 80% 환수받았어요. 비용도 거의 안 들고요.",
      "is_deleted": false,
      "deletion_reason": "",
      "deleted_at": null,
      "created_at": "2026-05-04T04:49:36.844Z",
      "updated_at": "2026-05-04T04:49:36.844Z"
    }
  },
  {
    "model": "interactions.comment",
    "pk": 41,
    "fields": {
      "user": 6,
      "story": 75,
      "parent": null,
      "content": "주택임대차보호법상 임대료 인상은 5%를 초과할 수 없어요. 5% 초과 요구는 거부해도 됩니다. 거부 후에도 임대인이 계약 해지 통보하면 부당한 거절이라 묵시적 갱신 적용됩니다.",
      "is_deleted": false,
      "deletion_reason": "",
      "deleted_at": null,
      "created_at": "2026-05-04T04:49:36.850Z",
      "updated_at": "2026-05-04T04:49:36.850Z"
    }
  },
  {
    "model": "interactions.comment",
    "pk": 43,
    "fields": {
      "user": 6,
      "story": 76,
      "parent": null,
      "content": "근저당이 시세의 70% 넘으면 위험 신호입니다. 전세보증보험(HUG, SGI) 가입 가능 여부도 사전에 확인하시고, 불가능하면 계약 다시 생각하세요.",
      "is_deleted": false,
      "deletion_reason": "",
      "deleted_at": null,
      "created_at": "2026-05-04T04:49:36.860Z",
      "updated_at": "2026-05-04T04:49:36.860Z"
    }
  },
  {
    "model": "interactions.comment",
    "pk": 44,
    "fields": {
      "user": 6,
      "story": 77,
      "parent": null,
      "content": "수습 기간이라도 정당한 사유 없는 본채용 거부는 부당해고에 해당할 수 있습니다. 평가 기준이 사전 공개되지 않았다면 절차적 정당성도 결여됐다고 볼 여지가 있어요.",
      "is_deleted": false,
      "deletion_reason": "",
      "deleted_at": null,
      "created_at": "2026-05-04T04:49:36.866Z",
      "updated_at": "2026-05-04T04:49:36.866Z"
    }
  },
  {
    "model": "interactions.comment",
    "pk": 46,
    "fields": {
      "user": 1,
      "story": 77,
      "parent": null,
      "content": "노무사 무료 상담도 활용해보세요. 노동권익센터(서울/경기 등)에서 상담 도와줍니다.",
      "is_deleted": false,
      "deletion_reason": "",
      "deleted_at": null,
      "created_at": "2026-05-04T04:49:36.876Z",
      "updated_at": "2026-05-04T04:49:36.876Z"
    }
  },
  {
    "model": "interactions.comment",
    "pk": 47,
    "fields": {
      "user": 6,
      "story": 78,
      "parent": null,
      "content": "연봉제라도 법정수당은 별도 지급 의무가 있습니다(포괄임금제 약정이 명확한 경우 예외). 노동청 진정으로 충분히 받을 수 있고, 진정 자체에 비용 안 듭니다.",
      "is_deleted": false,
      "deletion_reason": "",
      "deleted_at": null,
      "created_at": "2026-05-04T04:49:36.881Z",
      "updated_at": "2026-05-04T04:49:36.881Z"
    }
  },
  {
    "model": "interactions.comment",
    "pk": 48,
    "fields": {
      "user": 7,
      "story": 78,
      "parent": null,
      "content": "저는 카톡으로 주말 출근 지시받은 캡처본 챙겨서 진정 넣었어요. 6개월치 미지급 수당 다 받았습니다.",
      "is_deleted": false,
      "deletion_reason": "",
      "deleted_at": null,
      "created_at": "2026-05-04T04:49:36.886Z",
      "updated_at": "2026-05-04T04:49:36.886Z"
    }
  },
  {
    "model": "interactions.comment",
    "pk": 49,
    "fields": {
      "user": 6,
      "story": 79,
      "parent": null,
      "content": "근로기준법 제76조의3에 따라 직장 내 괴롭힘 신고자에 대한 불리한 처우는 금지됩니다. 따돌림도 정황 증거(메신저 배제, 회의 미참여 통보 등)로 입증 가능하면 같은 조항 적용됩니다.",
      "is_deleted": false,
      "deletion_reason": "",
      "deleted_at": null,
      "created_at": "2026-05-04T04:49:36.891Z",
      "updated_at": "2026-05-04T04:49:36.891Z"
    }
  },
  {
    "model": "interactions.comment",
    "pk": 50,
    "fields": {
      "user": 6,
      "story": 82,
      "parent": null,
      "content": "송금 직후 신고하면 지급정지 조치가 가능합니다. 사기이용계좌 신고는 금융감독원 1332, 경찰청 사이버수사대 모두 접수 가능해요. 빠를수록 회수 가능성이 높습니다.",
      "is_deleted": false,
      "deletion_reason": "",
      "deleted_at": null,
      "created_at": "2026-05-04T04:49:36.895Z",
      "updated_at": "2026-05-04T04:49:36.895Z"
    }
  },
  {
    "model": "interactions.comment",
    "pk": 52,
    "fields": {
      "user": 6,
      "story": 83,
      "parent": null,
      "content": "할부 거래라면 신용카드사 차지백(이의 제기) 신청 가능합니다. 폐업 사실 입증 (폐업 신고 자료, 매장 폐쇄 사진)을 첨부하면 잔여 기간만큼 환불됩니다.",
      "is_deleted": false,
      "deletion_reason": "",
      "deleted_at": null,
      "created_at": "2026-05-04T04:49:36.905Z",
      "updated_at": "2026-05-04T04:49:36.905Z"
    }
  },
  {
    "model": "interactions.comment",
    "pk": 53,
    "fields": {
      "user": 1,
      "story": 83,
      "parent": null,
      "content": "한국소비자원 1372 소비자 상담도 함께 이용해보세요. 무료 분쟁 조정 진행됩니다.",
      "is_deleted": false,
      "deletion_reason": "",
      "deleted_at": null,
      "created_at": "2026-05-04T04:49:36.910Z",
      "updated_at": "2026-05-04T04:49:36.910Z"
    }
  },
  {
    "model": "interactions.comment",
    "pk": 54,
    "fields": {
      "user": 6,
      "story": 84,
      "parent": null,
      "content": "전자상거래법상 디지털 콘텐츠도 일정 조건 하에 청약철회 가능합니다. '수강 시작 시 환불 불가' 약관은 약관규제법 제6조의 불공정약관으로 무효 소지 큽니다. 소비자분쟁조정위 신청 권장.",
      "is_deleted": false,
      "deletion_reason": "",
      "deleted_at": null,
      "created_at": "2026-05-04T04:49:36.914Z",
      "updated_at": "2026-05-04T04:49:36.914Z"
    }
  },
  {
    "model": "interactions.comment",
    "pk": 55,
    "fields": {
      "user": 6,
      "story": 87,
      "parent": null,
      "content": "양육비 이행관리원 외에 가정법원에 양육비 직접지급명령(전 배우자의 회사 급여에서 공제)을 신청할 수 있어요. 미이행 시 감치까지 가능합니다.",
      "is_deleted": false,
      "deletion_reason": "",
      "deleted_at": null,
      "created_at": "2026-05-04T04:49:36.919Z",
      "updated_at": "2026-05-04T04:49:36.919Z"
    }
  },
  {
    "model": "interactions.comment",
    "pk": 57,
    "fields": {
      "user": 2,
      "story": 87,
      "parent": null,
      "content": "양육비 미지급은 신상 공개 제도(배드파더스 같은 공익 사이트)도 있긴 하지만 법적 절차부터 밟는 게 안전합니다.",
      "is_deleted": false,
      "deletion_reason": "",
      "deleted_at": null,
      "created_at": "2026-05-04T04:49:36.929Z",
      "updated_at": "2026-05-04T04:49:36.929Z"
    }
  },
  {
    "model": "interactions.comment",
    "pk": 58,
    "fields": {
      "user": 6,
      "story": 88,
      "parent": null,
      "content": "재산분할 회피 목적의 처분은 사해행위 취소 소송으로 되돌릴 수 있습니다. 다만 가까운 친족과의 거래라도 거래 시점·대가성 등 입증 자료가 핵심이에요. 가압류부터 빠르게 신청하시는 게 좋습니다.",
      "is_deleted": false,
      "deletion_reason": "",
      "deleted_at": null,
      "created_at": "2026-05-04T04:49:36.934Z",
      "updated_at": "2026-05-04T04:49:36.934Z"
    }
  },
  {
    "model": "interactions.comment",
    "pk": 59,
    "fields": {
      "user": 6,
      "story": 89,
      "parent": null,
      "content": "친권과 양육권 분리는 협의로 가능하지만, 실무에서는 분쟁 소지가 커서 보통 같이 갖는 걸 권장합니다. 분리 시 학교·의료 등 결정권 다툼이 생길 수 있어요.",
      "is_deleted": false,
      "deletion_reason": "",
      "deleted_at": null,
      "created_at": "2026-05-04T04:49:36.939Z",
      "updated_at": "2026-05-04T04:49:36.939Z"
    }
  },
  {
    "model": "interactions.comment",
    "pk": 60,
    "fields": {
      "user": 6,
      "story": 92,
      "parent": null,
      "content": "보행자 신호가 명확히 빨간불이었다면 보행자 과실이 인정될 수 있습니다. 블랙박스 영상을 손해보험협회 분쟁심의위원회에 제출해 과실비율 재산정 신청 가능해요.",
      "is_deleted": false,
      "deletion_reason": "",
      "deleted_at": null,
      "created_at": "2026-05-04T04:49:36.944Z",
      "updated_at": "2026-05-04T04:49:36.944Z"
    }
  },
  {
    "model": "interactions.comment",
    "pk": 62,
    "fields": {
      "user": 1,
      "story": 92,
      "parent": null,
      "content": "보험사가 100% 운전자 과실로 가는 건 흔한 1차 판단인데, 분쟁심의위까지 가면 조정될 가능성이 꽤 있습니다.",
      "is_deleted": false,
      "deletion_reason": "",
      "deleted_at": null,
      "created_at": "2026-05-04T04:49:36.954Z",
      "updated_at": "2026-05-04T04:49:36.954Z"
    }
  },
  {
    "model": "interactions.comment",
    "pk": 63,
    "fields": {
      "user": 6,
      "story": 93,
      "parent": null,
      "content": "비접촉 사고도 인과관계가 입증되면 책임이 인정될 수 있지만, 실제로는 입증이 어려워 다툴 여지가 큽니다. 주변 CCTV·블랙박스 다 모으세요.",
      "is_deleted": false,
      "deletion_reason": "",
      "deleted_at": null,
      "created_at": "2026-05-04T04:49:36.959Z",
      "updated_at": "2026-05-04T04:49:36.959Z"
    }
  },
  {
    "model": "interactions.comment",
    "pk": 64,
    "fields": {
      "user": 6,
      "story": 94,
      "parent": null,
      "content": "음주운전은 형사 처벌과 별개로 보험에서 사고부담금이 가중되고, 위자료도 통상보다 높게 산정됩니다. 보험사 제시안만 보지 마시고 한국교통연구원 자료 등을 참고해 협상하세요.",
      "is_deleted": false,
      "deletion_reason": "",
      "deleted_at": null,
      "created_at": "2026-05-04T04:49:36.965Z",
      "updated_at": "2026-05-04T04:49:36.965Z"
    }
  },
  {
    "model": "interactions.comment",
    "pk": 65,
    "fields": {
      "user": 6,
      "story": 97,
      "parent": null,
      "content": "사실 적시도 명예훼손이 됩니다(형법 제307조 제1항). 사생활 노출은 별도로 성폭력처벌법 또는 정보통신망법상 명예훼손 처벌 가능. 캡처와 게시 시점 기록 남겨두세요.",
      "is_deleted": false,
      "deletion_reason": "",
      "deleted_at": null,
      "created_at": "2026-05-04T04:49:36.971Z",
      "updated_at": "2026-05-04T04:49:36.971Z"
    }
  },
  {
    "model": "interactions.comment",
    "pk": 67,
    "fields": {
      "user": 1,
      "story": 97,
      "parent": null,
      "content": "변호사 통한 가처분(게시 금지)도 빠른 효과 있어요. 비용은 들지만 즉시 정지가 필요하면 고려해보세요.",
      "is_deleted": false,
      "deletion_reason": "",
      "deleted_at": null,
      "created_at": "2026-05-04T04:49:36.981Z",
      "updated_at": "2026-05-04T04:49:36.981Z"
    }
  },
  {
    "model": "interactions.comment",
    "pk": 68,
    "fields": {
      "user": 6,
      "story": 98,
      "parent": null,
      "content": "전기통신금융사기특별법상 30분 내 신고 시 지급정지 조치가 가능합니다. 지급정지된 금액은 환급 절차로 돌려받을 수 있어요. 경찰 신고와 별개로 송금 은행에도 즉시 통보 필수.",
      "is_deleted": false,
      "deletion_reason": "",
      "deleted_at": null,
      "created_at": "2026-05-04T04:49:36.986Z",
      "updated_at": "2026-05-04T04:49:36.986Z"
    }
  },
  {
    "model": "interactions.comment",
    "pk": 69,
    "fields": {
      "user": 6,
      "story": 99,
      "parent": null,
      "content": "비공개 글의 무단 캡처·공개는 정보통신망법상 명예훼손 또는 사생활 침해에 해당할 수 있어요. 해당 단톡방 화면, 캡처 시점 기록을 모두 보존하세요.",
      "is_deleted": false,
      "deletion_reason": "",
      "deleted_at": null,
      "created_at": "2026-05-04T04:49:36.991Z",
      "updated_at": "2026-05-04T04:49:36.991Z"
    }
  },
  {
    "model": "interactions.comment",
    "pk": 70,
    "fields": {
      "user": 6,
      "story": 102,
      "parent": null,
      "content": "가압류는 매수인이 알 수 없었던 사정 변화이므로 계약 해제 사유가 될 수 있습니다. 다만 매도인이 즉시 해제 시 손해배상 청구 가능. 계약 해제 vs 가압류 해소 후 잔금 중 어느 쪽이 유리한지 변호사 상담 권장.",
      "is_deleted": false,
      "deletion_reason": "",
      "deleted_at": null,
      "created_at": "2026-05-04T04:49:36.995Z",
      "updated_at": "2026-05-04T04:49:36.995Z"
    }
  },
  {
    "model": "interactions.comment",
    "pk": 72,
    "fields": {
      "user": 6,
      "story": 103,
      "parent": null,
      "content": "매도인이 명도 책임을 부담하는 게 일반적입니다. 매매계약서 명도 조항 확인하시고, 조항이 없어도 계약상 의무 위반으로 해제·손해배상 청구 가능합니다.",
      "is_deleted": false,
      "deletion_reason": "",
      "deleted_at": null,
      "created_at": "2026-05-04T04:49:37.006Z",
      "updated_at": "2026-05-04T04:49:37.006Z"
    }
  },
  {
    "model": "interactions.comment",
    "pk": 73,
    "fields": {
      "user": 6,
      "story": 107,
      "parent": null,
      "content": "보증채무도 일반 채권 시효 10년 적용입니다. 다만 채권자가 청구·소송 등 시효 중단 행위를 하면 시효가 갱신돼요. 청구 받으신 시점이 시효 진행 중이었는지 확인 필요합니다.",
      "is_deleted": false,
      "deletion_reason": "",
      "deleted_at": null,
      "created_at": "2026-05-04T04:49:37.011Z",
      "updated_at": "2026-05-04T04:49:37.011Z"
    }
  },
  {
    "model": "interactions.comment",
    "pk": 75,
    "fields": {
      "user": 6,
      "story": 108,
      "parent": null,
      "content": "법정 최고 이자율(연 20%) 초과분은 무효이고 갚을 의무 없어요. 협박은 별도 형사 처벌(공갈죄)이고, 등록 안 된 대부업자라면 미등록 대부업으로 추가 처벌 대상입니다. 통화 녹음 보존하세요.",
      "is_deleted": false,
      "deletion_reason": "",
      "deleted_at": null,
      "created_at": "2026-05-04T04:49:37.047Z",
      "updated_at": "2026-05-04T04:49:37.047Z"
    }
  },
  {
    "model": "interactions.comment",
    "pk": 76,
    "fields": {
      "user": 6,
      "story": 109,
      "parent": null,
      "content": "회생 절차의 면책 효력은 채무자 본인에 한정됩니다. 보증인의 보증채무는 별도로 남고요. 부모님 보증 부분은 주채무 이행 가능 여부와 별개로 다툴 수 있는 항변 사유가 있는지 검토 필요합니다.",
      "is_deleted": false,
      "deletion_reason": "",
      "deleted_at": null,
      "created_at": "2026-05-04T04:49:37.053Z",
      "updated_at": "2026-05-04T04:49:37.053Z"
    }
  },
  {
    "model": "interactions.comment",
    "pk": 77,
    "fields": {
      "user": 6,
      "story": 112,
      "parent": null,
      "content": "환경분쟁조정위(중앙·지방)에 신청 가능하고, 조정 결과는 합의 시 법적 효력이 있습니다. 직접 민사로 가도 되지만 비용·시간 많이 들어 우선 조정 권장.",
      "is_deleted": false,
      "deletion_reason": "",
      "deleted_at": null,
      "created_at": "2026-05-04T04:49:37.058Z",
      "updated_at": "2026-05-04T04:49:37.058Z"
    }
  },
  {
    "model": "interactions.comment",
    "pk": 78,
    "fields": {
      "user": 6,
      "story": 113,
      "parent": null,
      "content": "동물 점유자 책임(민법 제759조)에 따라 견주가 손해를 배상해야 합니다. 치료비는 당연히 인정되고, 정신적 위자료는 일반적으로 소액(20만원 내외) 인정 사례가 많습니다.",
      "is_deleted": false,
      "deletion_reason": "",
      "deleted_at": null,
      "created_at": "2026-05-04T04:49:37.063Z",
      "updated_at": "2026-05-04T04:49:37.063Z"
    }
  },
  {
    "model": "interactions.comment",
    "pk": 79,
    "fields": {
      "user": 8,
      "story": 112,
      "parent": null,
      "content": "광고: 신비한 만능 약 판매 중! 카톡 문의 ★★★ (이 댓글은 시연용 신고 대상)",
      "is_deleted": true,
      "deletion_reason": "report",
      "deleted_at": "2026-05-04T04:49:37.143Z",
      "created_at": "2026-05-04T04:49:37.125Z",
      "updated_at": "2026-05-04T04:49:37.125Z"
    }
  },
  {
    "model": "interactions.comment",
    "pk": 80,
    "fields": {
      "user": 2,
      "story": 114,
      "parent": null,
      "content": "댓글 감사합니다! 일단 환경분쟁조정위 문의해보고 결과 공유드릴게요.",
      "is_deleted": false,
      "deletion_reason": "",
      "deleted_at": null,
      "created_at": "2026-05-04T04:52:51.905Z",
      "updated_at": "2026-05-04T04:52:51.905Z"
    }
  },
  {
    "model": "interactions.comment",
    "pk": 82,
    "fields": {
      "user": 8,
      "story": 112,
      "parent": null,
      "content": "광고: 신비한 만능 약 판매 중! 카톡 문의 ★★★ (이 댓글은 시연용 신고 대상)",
      "is_deleted": true,
      "deletion_reason": "report",
      "deleted_at": "2026-05-04T04:52:51.953Z",
      "created_at": "2026-05-04T04:52:51.936Z",
      "updated_at": "2026-05-04T04:52:51.936Z"
    }
  },
  {
    "model": "interactions.comment",
    "pk": 83,
    "fields": {
      "user": 6,
      "story": 74,
      "parent": null,
      "content": "결로·단열 부실은 임대인의 수선의무(민법 제623조) 영역입니다. 입주 후 한 달 내 발생이라면 원래 하자였을 가능성이 높아요. 사진·동영상 시기별로 보존하세요.",
      "is_deleted": false,
      "deletion_reason": "",
      "deleted_at": null,
      "created_at": "2026-05-04T05:31:41.670Z",
      "updated_at": "2026-05-04T05:31:41.670Z"
    }
  },
  {
    "model": "interactions.comment",
    "pk": 84,
    "fields": {
      "user": 7,
      "story": 74,
      "parent": null,
      "content": "저도 같은 일 겪었어요. 곰팡이 검출업체 검사 받고 결과지를 임대인에게 내밀었더니 그제서야 도배·단열 공사 해줬습니다.",
      "is_deleted": false,
      "deletion_reason": "",
      "deleted_at": null,
      "created_at": "2026-05-04T05:31:41.681Z",
      "updated_at": "2026-05-04T05:31:41.681Z"
    }
  },
  {
    "model": "interactions.comment",
    "pk": 85,
    "fields": {
      "user": 1,
      "story": 74,
      "parent": null,
      "content": "환기는 일반인이 할 수 있는 수준이고, 구조적 단열 결함은 임대인 책임이라는 게 일관된 판례 입장입니다.",
      "is_deleted": false,
      "deletion_reason": "",
      "deleted_at": null,
      "created_at": "2026-05-04T05:31:41.687Z",
      "updated_at": "2026-05-04T05:31:41.687Z"
    }
  },
  {
    "model": "interactions.comment",
    "pk": 86,
    "fields": {
      "user": 7,
      "story": 76,
      "parent": null,
      "content": "저는 그 매물 포기했어요. 보험 가입 안 되는 매물은 위험 신호예요. 시간이 좀 걸려도 안전한 매물 찾는 게 낫습니다.",
      "is_deleted": false,
      "deletion_reason": "",
      "deleted_at": null,
      "created_at": "2026-05-04T05:31:41.693Z",
      "updated_at": "2026-05-04T05:31:41.693Z"
    }
  },
  {
    "model": "interactions.comment",
    "pk": 87,
    "fields": {
      "user": 2,
      "story": 76,
      "parent": null,
      "content": "공인중개사가 '문제없다'는 말 자체가 위험합니다. 본인이 보증서지 않는 한 책임 안 져요.",
      "is_deleted": false,
      "deletion_reason": "",
      "deleted_at": null,
      "created_at": "2026-05-04T05:31:41.699Z",
      "updated_at": "2026-05-04T05:31:41.699Z"
    }
  },
  {
    "model": "interactions.comment",
    "pk": 88,
    "fields": {
      "user": 7,
      "story": 79,
      "parent": null,
      "content": "저는 따돌림 정황 카톡 캡처와 회의 배제 메일 보존해서 노동위원회 갔어요. 시간 걸리지만 인정받았습니다.",
      "is_deleted": false,
      "deletion_reason": "",
      "deleted_at": null,
      "created_at": "2026-05-04T05:31:41.704Z",
      "updated_at": "2026-05-04T05:31:41.704Z"
    }
  },
  {
    "model": "interactions.comment",
    "pk": 89,
    "fields": {
      "user": 1,
      "story": 79,
      "parent": null,
      "content": "사내 신고 절차 진행과 별개로 외부 상담(고용노동부 1350) 병행하시면 좋아요.",
      "is_deleted": false,
      "deletion_reason": "",
      "deleted_at": null,
      "created_at": "2026-05-04T05:31:41.709Z",
      "updated_at": "2026-05-04T05:31:41.709Z"
    }
  },
  {
    "model": "interactions.comment",
    "pk": 90,
    "fields": {
      "user": 6,
      "story": 80,
      "parent": null,
      "content": "근로기준법 제36조상 퇴직 후 14일 이내 지급이 원칙이고, 지연이자(연 20%)도 청구 가능합니다. 노동청 진정으로 빠르게 해결됩니다.",
      "is_deleted": false,
      "deletion_reason": "",
      "deleted_at": null,
      "created_at": "2026-05-04T05:31:41.713Z",
      "updated_at": "2026-05-04T05:31:41.713Z"
    }
  },
  {
    "model": "interactions.comment",
    "pk": 91,
    "fields": {
      "user": 7,
      "story": 80,
      "parent": null,
      "content": "저는 노동청 진정 넣고 일주일 만에 회사가 입금했어요. 진정만 들어가도 회사들 빠르게 움직입니다.",
      "is_deleted": false,
      "deletion_reason": "",
      "deleted_at": null,
      "created_at": "2026-05-04T05:31:41.720Z",
      "updated_at": "2026-05-04T05:31:41.720Z"
    }
  },
  {
    "model": "interactions.comment",
    "pk": 92,
    "fields": {
      "user": 2,
      "story": 80,
      "parent": null,
      "content": "임금체불·퇴직금 미지급은 형사처벌 대상이라 회사가 부담스러워합니다.",
      "is_deleted": false,
      "deletion_reason": "",
      "deleted_at": null,
      "created_at": "2026-05-04T05:31:41.725Z",
      "updated_at": "2026-05-04T05:31:41.725Z"
    }
  },
  {
    "model": "interactions.comment",
    "pk": 93,
    "fields": {
      "user": 6,
      "story": 81,
      "parent": null,
      "content": "재택근무도 근로 시간·업무 관련성 입증 시 산재 인정됩니다(고용노동부 지침). 회사가 거부해도 근로복지공단에 직접 신청 가능합니다.",
      "is_deleted": false,
      "deletion_reason": "",
      "deleted_at": null,
      "created_at": "2026-05-04T05:31:41.730Z",
      "updated_at": "2026-05-04T05:31:41.730Z"
    }
  },
  {
    "model": "interactions.comment",
    "pk": 94,
    "fields": {
      "user": 7,
      "story": 81,
      "parent": null,
      "content": "저도 재택 중 다친 적 있는데 공단에 직접 신청해서 인정받았어요. 회사 거부와 별개로 진행 가능합니다.",
      "is_deleted": false,
      "deletion_reason": "",
      "deleted_at": null,
      "created_at": "2026-05-04T05:31:41.735Z",
      "updated_at": "2026-05-04T05:31:41.735Z"
    }
  },
  {
    "model": "interactions.comment",
    "pk": 95,
    "fields": {
      "user": 1,
      "story": 81,
      "parent": null,
      "content": "근무 시간·장소·업무 관련성 입증 자료(업무 PC 로그, 미팅 시간 등) 미리 챙기시면 도움돼요.",
      "is_deleted": false,
      "deletion_reason": "",
      "deleted_at": null,
      "created_at": "2026-05-04T05:31:41.740Z",
      "updated_at": "2026-05-04T05:31:41.740Z"
    }
  },
  {
    "model": "interactions.comment",
    "pk": 96,
    "fields": {
      "user": 7,
      "story": 84,
      "parent": null,
      "content": "저는 같은 케이스 분쟁조정위 신청해서 80% 환불받았어요. 무료 절차고 보통 1~2개월 걸립니다.",
      "is_deleted": false,
      "deletion_reason": "",
      "deleted_at": null,
      "created_at": "2026-05-04T05:31:41.744Z",
      "updated_at": "2026-05-04T05:31:41.744Z"
    }
  },
  {
    "model": "interactions.comment",
    "pk": 97,
    "fields": {
      "user": 2,
      "story": 84,
      "parent": null,
      "content": "전자상거래법상 7일 내 청약철회 권리는 약관으로 배제 못 합니다. 강하게 주장하세요.",
      "is_deleted": false,
      "deletion_reason": "",
      "deleted_at": null,
      "created_at": "2026-05-04T05:31:41.749Z",
      "updated_at": "2026-05-04T05:31:41.749Z"
    }
  },
  {
    "model": "interactions.comment",
    "pk": 98,
    "fields": {
      "user": 6,
      "story": 85,
      "parent": null,
      "content": "택시 부당요금은 다산콜(120) 또는 관할 시·도청 교통 민원실에 영수증·결제내역 첨부해서 신고하면 환불 처리됩니다.",
      "is_deleted": false,
      "deletion_reason": "",
      "deleted_at": null,
      "created_at": "2026-05-04T05:31:41.753Z",
      "updated_at": "2026-05-04T05:31:41.753Z"
    }
  },
  {
    "model": "interactions.comment",
    "pk": 99,
    "fields": {
      "user": 7,
      "story": 85,
      "parent": null,
      "content": "저는 다산콜 신고 후 일주일 만에 환불받았어요. 카드 결제면 추적 쉬워서 빠릅니다.",
      "is_deleted": false,
      "deletion_reason": "",
      "deleted_at": null,
      "created_at": "2026-05-04T05:31:41.758Z",
      "updated_at": "2026-05-04T05:31:41.758Z"
    }
  },
  {
    "model": "interactions.comment",
    "pk": 100,
    "fields": {
      "user": 1,
      "story": 85,
      "parent": null,
      "content": "택시 영수증의 차량 번호와 시간대 기록이 핵심이에요. GPS 경로 데이터 요청도 가능합니다.",
      "is_deleted": false,
      "deletion_reason": "",
      "deleted_at": null,
      "created_at": "2026-05-04T05:31:41.763Z",
      "updated_at": "2026-05-04T05:31:41.763Z"
    }
  },
  {
    "model": "interactions.comment",
    "pk": 101,
    "fields": {
      "user": 6,
      "story": 86,
      "parent": null,
      "content": "전자상거래법상 정기결제 해지는 가입과 동등한 수준의 절차로 가능해야 합니다. 일부러 어렵게 만든 약관은 불공정약관으로 무효 소지 있어요.",
      "is_deleted": false,
      "deletion_reason": "",
      "deleted_at": null,
      "created_at": "2026-05-04T05:31:41.767Z",
      "updated_at": "2026-05-04T05:31:41.767Z"
    }
  },
  {
    "model": "interactions.comment",
    "pk": 102,
    "fields": {
      "user": 7,
      "story": 86,
      "parent": null,
      "content": "카드사에 정기결제 차단 요청도 한 방법이에요. 카드사 콜센터에 사업자명 알려주면 막아줍니다.",
      "is_deleted": false,
      "deletion_reason": "",
      "deleted_at": null,
      "created_at": "2026-05-04T05:31:41.772Z",
      "updated_at": "2026-05-04T05:31:41.772Z"
    }
  },
  {
    "model": "interactions.comment",
    "pk": 103,
    "fields": {
      "user": 2,
      "story": 86,
      "parent": null,
      "content": "한국소비자원에 신고하면 사업자한테 시정 권고 들어갑니다. 구독 해지 어렵게 한 사례 많이 처리됐어요.",
      "is_deleted": false,
      "deletion_reason": "",
      "deleted_at": null,
      "created_at": "2026-05-04T05:31:41.777Z",
      "updated_at": "2026-05-04T05:31:41.777Z"
    }
  },
  {
    "model": "interactions.comment",
    "pk": 104,
    "fields": {
      "user": 7,
      "story": 88,
      "parent": null,
      "content": "저는 가압류 신청한 후 협상이 빨라졌어요. 재산 처분이 더 어려워지면 합의 가능성도 올라갑니다.",
      "is_deleted": false,
      "deletion_reason": "",
      "deleted_at": null,
      "created_at": "2026-05-04T05:31:41.782Z",
      "updated_at": "2026-05-04T05:31:41.782Z"
    }
  },
  {
    "model": "interactions.comment",
    "pk": 105,
    "fields": {
      "user": 1,
      "story": 88,
      "parent": null,
      "content": "최근 5년 이내 가족 명의 이전 내역은 사해행위로 의심받기 쉽습니다. 등기 이력 다 모아두세요.",
      "is_deleted": false,
      "deletion_reason": "",
      "deleted_at": null,
      "created_at": "2026-05-04T05:31:41.787Z",
      "updated_at": "2026-05-04T05:31:41.787Z"
    }
  },
  {
    "model": "interactions.comment",
    "pk": 106,
    "fields": {
      "user": 7,
      "story": 89,
      "parent": null,
      "content": "저는 분리하지 말라는 변호사 조언 받아서 양쪽 다 가져왔어요. 분리하면 학교 동의서마다 갈등 생깁니다.",
      "is_deleted": false,
      "deletion_reason": "",
      "deleted_at": null,
      "created_at": "2026-05-04T05:31:41.792Z",
      "updated_at": "2026-05-04T05:31:41.792Z"
    }
  },
  {
    "model": "interactions.comment",
    "pk": 107,
    "fields": {
      "user": 2,
      "story": 89,
      "parent": null,
      "content": "상대방이 양육에 무관심하면 양쪽 다 가져오는 게 일반적입니다. 분리는 특수한 사정이 있을 때만.",
      "is_deleted": false,
      "deletion_reason": "",
      "deleted_at": null,
      "created_at": "2026-05-04T05:31:41.797Z",
      "updated_at": "2026-05-04T05:31:41.797Z"
    }
  },
  {
    "model": "interactions.comment",
    "pk": 108,
    "fields": {
      "user": 6,
      "story": 90,
      "parent": null,
      "content": "사실혼은 혼인의사 + 공동생활 + 사회적 인식이 있으면 인정됩니다. 친지·이웃 진술서, 공동 통장, 결혼식 사진 등이 입증 자료가 됩니다.",
      "is_deleted": false,
      "deletion_reason": "",
      "deleted_at": null,
      "created_at": "2026-05-04T05:31:41.802Z",
      "updated_at": "2026-05-04T05:31:41.802Z"
    }
  },
  {
    "model": "interactions.comment",
    "pk": 109,
    "fields": {
      "user": 7,
      "story": 90,
      "parent": null,
      "content": "저는 사실혼 인정받고 재산분할 50% 받았어요. 공동 명의 부동산이 있으면 더 명확해집니다.",
      "is_deleted": false,
      "deletion_reason": "",
      "deleted_at": null,
      "created_at": "2026-05-04T05:31:41.807Z",
      "updated_at": "2026-05-04T05:31:41.808Z"
    }
  },
  {
    "model": "interactions.comment",
    "pk": 110,
    "fields": {
      "user": 1,
      "story": 90,
      "parent": null,
      "content": "사실혼도 법률혼과 같이 재산분할·위자료 청구 가능합니다. 다만 상속권은 인정 안 돼요.",
      "is_deleted": false,
      "deletion_reason": "",
      "deleted_at": null,
      "created_at": "2026-05-04T05:31:41.812Z",
      "updated_at": "2026-05-04T05:31:41.812Z"
    }
  },
  {
    "model": "interactions.comment",
    "pk": 111,
    "fields": {
      "user": 6,
      "story": 91,
      "parent": null,
      "content": "민법 개정(2017)으로 조부모도 면접교섭권 청구 가능합니다. 가정법원에 청구하시고 자녀의 복리에 부합하면 인정됩니다.",
      "is_deleted": false,
      "deletion_reason": "",
      "deleted_at": null,
      "created_at": "2026-05-04T05:31:41.816Z",
      "updated_at": "2026-05-04T05:31:41.816Z"
    }
  },
  {
    "model": "interactions.comment",
    "pk": 112,
    "fields": {
      "user": 7,
      "story": 91,
      "parent": null,
      "content": "저희 부모님도 청구해서 한 달에 한 번 만나기로 결정 받으셨어요. 시간이 오래 걸렸지만 결과는 좋았습니다.",
      "is_deleted": false,
      "deletion_reason": "",
      "deleted_at": null,
      "created_at": "2026-05-04T05:31:41.821Z",
      "updated_at": "2026-05-04T05:31:41.821Z"
    }
  },
  {
    "model": "interactions.comment",
    "pk": 113,
    "fields": {
      "user": 2,
      "story": 91,
      "parent": null,
      "content": "자녀 의사도 중요해서 손자 나이가 어느 정도 있으면 의견 들어요.",
      "is_deleted": false,
      "deletion_reason": "",
      "deleted_at": null,
      "created_at": "2026-05-04T05:31:41.825Z",
      "updated_at": "2026-05-04T05:31:41.825Z"
    }
  },
  {
    "model": "interactions.comment",
    "pk": 114,
    "fields": {
      "user": 7,
      "story": 93,
      "parent": null,
      "content": "저도 비슷한 일 있었는데 블랙박스 영상으로 인과관계 입증 어렵다는 보험사 의견 받고 책임 면제됐어요.",
      "is_deleted": false,
      "deletion_reason": "",
      "deleted_at": null,
      "created_at": "2026-05-04T05:31:41.829Z",
      "updated_at": "2026-05-04T05:31:41.829Z"
    }
  },
  {
    "model": "interactions.comment",
    "pk": 115,
    "fields": {
      "user": 1,
      "story": 93,
      "parent": null,
      "content": "비접촉 사고는 입증 책임이 청구하는 쪽에 있습니다. 적극적으로 부인하세요.",
      "is_deleted": false,
      "deletion_reason": "",
      "deleted_at": null,
      "created_at": "2026-05-04T05:31:41.833Z",
      "updated_at": "2026-05-04T05:31:41.833Z"
    }
  },
  {
    "model": "interactions.comment",
    "pk": 116,
    "fields": {
      "user": 7,
      "story": 94,
      "parent": null,
      "content": "저도 음주차량에 받혔는데 합의금이 보통의 1.5배 정도 나왔어요. 위자료 가중 청구 가능합니다.",
      "is_deleted": false,
      "deletion_reason": "",
      "deleted_at": null,
      "created_at": "2026-05-04T05:31:41.838Z",
      "updated_at": "2026-05-04T05:31:41.838Z"
    }
  },
  {
    "model": "interactions.comment",
    "pk": 117,
    "fields": {
      "user": 2,
      "story": 94,
      "parent": null,
      "content": "보험사 제시안 수락 전에 손해사정사 무료 상담 한 번 받아보시면 좋아요. 누락된 항목 잡아줍니다.",
      "is_deleted": false,
      "deletion_reason": "",
      "deleted_at": null,
      "created_at": "2026-05-04T05:31:41.843Z",
      "updated_at": "2026-05-04T05:31:41.843Z"
    }
  },
  {
    "model": "interactions.comment",
    "pk": 118,
    "fields": {
      "user": 6,
      "story": 95,
      "parent": null,
      "content": "전동킥보드는 도로교통법상 원동기장치자전거에 해당해 보험 가입 의무가 있습니다(공유 킥보드는 업체가 가입). 자동차 운전자 과실이 명확하면 자동차보험으로 보상됩니다.",
      "is_deleted": false,
      "deletion_reason": "",
      "deleted_at": null,
      "created_at": "2026-05-04T05:31:41.848Z",
      "updated_at": "2026-05-04T05:31:41.848Z"
    }
  },
  {
    "model": "interactions.comment",
    "pk": 119,
    "fields": {
      "user": 7,
      "story": 95,
      "parent": null,
      "content": "저는 공유킥보드 타다 비슷한 사고 났는데 업체 보험 + 상대 차량 보험 동시 적용으로 보상받았어요.",
      "is_deleted": false,
      "deletion_reason": "",
      "deleted_at": null,
      "created_at": "2026-05-04T05:31:41.852Z",
      "updated_at": "2026-05-04T05:31:41.852Z"
    }
  },
  {
    "model": "interactions.comment",
    "pk": 120,
    "fields": {
      "user": 1,
      "story": 95,
      "parent": null,
      "content": "치료비·휴업손해·위자료 모두 청구 가능. 진단서·영수증 다 모으세요.",
      "is_deleted": false,
      "deletion_reason": "",
      "deleted_at": null,
      "created_at": "2026-05-04T05:31:41.857Z",
      "updated_at": "2026-05-04T05:31:41.857Z"
    }
  },
  {
    "model": "interactions.comment",
    "pk": 121,
    "fields": {
      "user": 6,
      "story": 96,
      "parent": null,
      "content": "도로교통법 위반(인도 주행)이라 자전거 운전자 책임이 큽니다. 다만 일상생활배상책임보험에 가입돼 있으면 보상 가능해요(주택종합보험에 통상 포함).",
      "is_deleted": false,
      "deletion_reason": "",
      "deleted_at": null,
      "created_at": "2026-05-04T05:31:41.862Z",
      "updated_at": "2026-05-04T05:31:41.862Z"
    }
  },
  {
    "model": "interactions.comment",
    "pk": 122,
    "fields": {
      "user": 7,
      "story": 96,
      "parent": null,
      "content": "저도 일상배상책임보험으로 처리한 적 있어요. 부모님 보험에 자녀까지 포함돼 있는 경우도 많으니 확인해보세요.",
      "is_deleted": false,
      "deletion_reason": "",
      "deleted_at": null,
      "created_at": "2026-05-04T05:31:41.866Z",
      "updated_at": "2026-05-04T05:31:41.866Z"
    }
  },
  {
    "model": "interactions.comment",
    "pk": 123,
    "fields": {
      "user": 2,
      "story": 96,
      "parent": null,
      "content": "중상해라면 형사 처벌(과실치상) 가능성도 있어 합의 시도가 중요합니다.",
      "is_deleted": false,
      "deletion_reason": "",
      "deleted_at": null,
      "created_at": "2026-05-04T05:31:41.871Z",
      "updated_at": "2026-05-04T05:31:41.871Z"
    }
  },
  {
    "model": "interactions.comment",
    "pk": 124,
    "fields": {
      "user": 7,
      "story": 98,
      "parent": null,
      "content": "저도 비슷한 케이스인데 신고 빨라서 200만원 회수했어요. 30분 안이면 가능성 있습니다.",
      "is_deleted": false,
      "deletion_reason": "",
      "deleted_at": null,
      "created_at": "2026-05-04T05:31:41.875Z",
      "updated_at": "2026-05-04T05:31:41.875Z"
    }
  },
  {
    "model": "interactions.comment",
    "pk": 125,
    "fields": {
      "user": 1,
      "story": 98,
      "parent": null,
      "content": "신고 후에도 통신사·신용카드사에 명의도용 차단 요청해놓으세요. 2차 피해 예방 차원입니다.",
      "is_deleted": false,
      "deletion_reason": "",
      "deleted_at": null,
      "created_at": "2026-05-04T05:31:41.879Z",
      "updated_at": "2026-05-04T05:31:41.879Z"
    }
  },
  {
    "model": "interactions.comment",
    "pk": 126,
    "fields": {
      "user": 7,
      "story": 99,
      "parent": null,
      "content": "저는 같은 일로 회사에 공식 항의했고 동료가 사과·삭제했어요. 형사 신고까지 안 가도 해결될 수 있습니다.",
      "is_deleted": false,
      "deletion_reason": "",
      "deleted_at": null,
      "created_at": "2026-05-04T05:31:41.884Z",
      "updated_at": "2026-05-04T05:31:41.884Z"
    }
  },
  {
    "model": "interactions.comment",
    "pk": 127,
    "fields": {
      "user": 2,
      "story": 99,
      "parent": null,
      "content": "단톡방 내용도 캡처해두세요. 회사 내 징계 절차에서 증거가 됩니다.",
      "is_deleted": false,
      "deletion_reason": "",
      "deleted_at": null,
      "created_at": "2026-05-04T05:31:41.889Z",
      "updated_at": "2026-05-04T05:31:41.889Z"
    }
  },
  {
    "model": "interactions.comment",
    "pk": 128,
    "fields": {
      "user": 6,
      "story": 100,
      "parent": null,
      "content": "임차인 동의 없는 출입은 주거침입(형법 제319조)에 해당합니다. CCTV·도어록 출입 기록 보존하세요.",
      "is_deleted": false,
      "deletion_reason": "",
      "deleted_at": null,
      "created_at": "2026-05-04T05:31:41.893Z",
      "updated_at": "2026-05-04T05:31:41.893Z"
    }
  },
  {
    "model": "interactions.comment",
    "pk": 129,
    "fields": {
      "user": 7,
      "story": 100,
      "parent": null,
      "content": "저도 비슷한 일로 경찰 신고 후 건물주가 사과·향후 출입 자제 각서 받았어요.",
      "is_deleted": false,
      "deletion_reason": "",
      "deleted_at": null,
      "created_at": "2026-05-04T05:31:41.898Z",
      "updated_at": "2026-05-04T05:31:41.898Z"
    }
  },
  {
    "model": "interactions.comment",
    "pk": 130,
    "fields": {
      "user": 1,
      "story": 100,
      "parent": null,
      "content": "도어록 비밀번호도 즉시 변경하시고 임대차 계약서에 출입 동의 조항 확인하세요.",
      "is_deleted": false,
      "deletion_reason": "",
      "deleted_at": null,
      "created_at": "2026-05-04T05:31:41.904Z",
      "updated_at": "2026-05-04T05:31:41.904Z"
    }
  },
  {
    "model": "interactions.comment",
    "pk": 131,
    "fields": {
      "user": 6,
      "story": 101,
      "parent": null,
      "content": "고의적 소음·욕설은 경범죄처벌법(인근소란) 또는 정보통신망법(욕설이 메시지로 갔다면)으로 처벌 가능합니다. 소음 측정·녹취 기록 보존 필수.",
      "is_deleted": false,
      "deletion_reason": "",
      "deleted_at": null,
      "created_at": "2026-05-04T05:31:41.909Z",
      "updated_at": "2026-05-04T05:31:41.909Z"
    }
  },
  {
    "model": "interactions.comment",
    "pk": 132,
    "fields": {
      "user": 7,
      "story": 101,
      "parent": null,
      "content": "저는 층간소음 이웃사이센터(국가소음정보시스템)에 신청해서 중재받았어요. 무료에 효과 좋습니다.",
      "is_deleted": false,
      "deletion_reason": "",
      "deleted_at": null,
      "created_at": "2026-05-04T05:31:41.913Z",
      "updated_at": "2026-05-04T05:31:41.913Z"
    }
  },
  {
    "model": "interactions.comment",
    "pk": 133,
    "fields": {
      "user": 2,
      "story": 101,
      "parent": null,
      "content": "112 신고도 가능합니다. 야간 시간대(밤 10시~새벽 6시)에 반복되면 더 강하게 다룹니다.",
      "is_deleted": false,
      "deletion_reason": "",
      "deleted_at": null,
      "created_at": "2026-05-04T05:31:41.918Z",
      "updated_at": "2026-05-04T05:31:41.918Z"
    }
  },
  {
    "model": "interactions.comment",
    "pk": 134,
    "fields": {
      "user": 7,
      "story": 103,
      "parent": null,
      "content": "저는 명도소송 + 강제집행까지 갔는데 5개월 걸렸어요. 매도인이 약속한 명도 책임 안 지면 매매대금에서 공제하는 조건도 협상 가능합니다.",
      "is_deleted": false,
      "deletion_reason": "",
      "deleted_at": null,
      "created_at": "2026-05-04T05:31:41.924Z",
      "updated_at": "2026-05-04T05:31:41.924Z"
    }
  },
  {
    "model": "interactions.comment",
    "pk": 135,
    "fields": {
      "user": 1,
      "story": 103,
      "parent": null,
      "content": "잔금 일부를 명도 완료 시까지 보류하는 조건을 미리 계약서에 넣었으면 좋았겠네요.",
      "is_deleted": false,
      "deletion_reason": "",
      "deleted_at": null,
      "created_at": "2026-05-04T05:31:41.929Z",
      "updated_at": "2026-05-04T05:31:41.929Z"
    }
  },
  {
    "model": "interactions.comment",
    "pk": 136,
    "fields": {
      "user": 6,
      "story": 104,
      "parent": null,
      "content": "매도인이 알면서 숨긴 하자는 사기 또는 하자담보책임(민법 제580조)으로 다툴 수 있습니다. 중개사도 설명의무 위반으로 책임 가능. 하자 발견 즉시 사진·영상 보존하세요.",
      "is_deleted": false,
      "deletion_reason": "",
      "deleted_at": null,
      "created_at": "2026-05-04T05:31:41.934Z",
      "updated_at": "2026-05-04T05:31:41.934Z"
    }
  },
  {
    "model": "interactions.comment",
    "pk": 137,
    "fields": {
      "user": 7,
      "story": 104,
      "parent": null,
      "content": "저는 매도인·중개사 둘 다 상대로 손해배상 받았어요. 중개사보험으로 일부 보상됩니다.",
      "is_deleted": false,
      "deletion_reason": "",
      "deleted_at": null,
      "created_at": "2026-05-04T05:31:41.939Z",
      "updated_at": "2026-05-04T05:31:41.939Z"
    }
  },
  {
    "model": "interactions.comment",
    "pk": 138,
    "fields": {
      "user": 2,
      "story": 104,
      "parent": null,
      "content": "한국공인중개사협회에 진정 넣으면 자체 조사도 진행됩니다.",
      "is_deleted": false,
      "deletion_reason": "",
      "deleted_at": null,
      "created_at": "2026-05-04T05:31:41.943Z",
      "updated_at": "2026-05-04T05:31:41.943Z"
    }
  },
  {
    "model": "interactions.comment",
    "pk": 139,
    "fields": {
      "user": 6,
      "story": 105,
      "parent": null,
      "content": "다운계약은 매수인도 처벌 대상입니다(부동산 거래신고법 위반, 과태료). 양도세 추징도 매도인뿐 아니라 매수인 보유 기간에 영향 줍니다. 거부하시는 게 맞습니다.",
      "is_deleted": false,
      "deletion_reason": "",
      "deleted_at": null,
      "created_at": "2026-05-04T05:31:41.948Z",
      "updated_at": "2026-05-04T05:31:41.948Z"
    }
  },
  {
    "model": "interactions.comment",
    "pk": 140,
    "fields": {
      "user": 7,
      "story": 105,
      "parent": null,
      "content": "저는 거부했더니 매도인이 다른 매수자 찾는다고 했지만, 결국 다시 와서 정상 계약했어요. 강요는 협상 카드일 뿐입니다.",
      "is_deleted": false,
      "deletion_reason": "",
      "deleted_at": null,
      "created_at": "2026-05-04T05:31:41.953Z",
      "updated_at": "2026-05-04T05:31:41.953Z"
    }
  },
  {
    "model": "interactions.comment",
    "pk": 141,
    "fields": {
      "user": 1,
      "story": 105,
      "parent": null,
      "content": "정상 신고한 매수인은 추후 양도세 절감 효과가 있어요. 손해 보는 거 아닙니다.",
      "is_deleted": false,
      "deletion_reason": "",
      "deleted_at": null,
      "created_at": "2026-05-04T05:31:41.957Z",
      "updated_at": "2026-05-04T05:31:41.957Z"
    }
  },
  {
    "model": "interactions.comment",
    "pk": 142,
    "fields": {
      "user": 6,
      "story": 106,
      "parent": null,
      "content": "재개발 입주권 자격은 조합 정관·관리처분계획에 따라 다양합니다. 중개사 설명과 다르면 설명의무 위반·기망에 의한 계약취소 가능성이 있어요.",
      "is_deleted": false,
      "deletion_reason": "",
      "deleted_at": null,
      "created_at": "2026-05-04T05:31:41.962Z",
      "updated_at": "2026-05-04T05:31:41.962Z"
    }
  },
  {
    "model": "interactions.comment",
    "pk": 143,
    "fields": {
      "user": 7,
      "story": 106,
      "parent": null,
      "content": "저도 비슷한 케이스로 매도인·중개사 상대 손해배상 청구해서 일부 받았어요. 매도인의 인지 여부 입증이 핵심.",
      "is_deleted": false,
      "deletion_reason": "",
      "deleted_at": null,
      "created_at": "2026-05-04T05:31:41.968Z",
      "updated_at": "2026-05-04T05:31:41.968Z"
    }
  },
  {
    "model": "interactions.comment",
    "pk": 144,
    "fields": {
      "user": 2,
      "story": 106,
      "parent": null,
      "content": "조합 정관 + 관리처분계획서 보고 자격 확인하셨어야 했어요. 지금이라도 조합에 정확한 사유서 받으시고 변호사 상담 권장.",
      "is_deleted": false,
      "deletion_reason": "",
      "deleted_at": null,
      "created_at": "2026-05-04T05:31:41.972Z",
      "updated_at": "2026-05-04T05:31:41.972Z"
    }
  },
  {
    "model": "interactions.comment",
    "pk": 145,
    "fields": {
      "user": 7,
      "story": 108,
      "parent": null,
      "content": "저는 미등록 사채라 모든 통화 녹음하고 경찰 신고했어요. 사채업자 본인이 처벌받고 초과 이자도 안 갚았습니다.",
      "is_deleted": false,
      "deletion_reason": "",
      "deleted_at": null,
      "created_at": "2026-05-04T05:31:41.977Z",
      "updated_at": "2026-05-04T05:31:41.977Z"
    }
  },
  {
    "model": "interactions.comment",
    "pk": 146,
    "fields": {
      "user": 2,
      "story": 108,
      "parent": null,
      "content": "금융감독원 불법사금융 신고센터(1332)에도 함께 신고하세요. 더 빠르게 움직입니다.",
      "is_deleted": false,
      "deletion_reason": "",
      "deleted_at": null,
      "created_at": "2026-05-04T05:31:41.982Z",
      "updated_at": "2026-05-04T05:31:41.982Z"
    }
  },
  {
    "model": "interactions.comment",
    "pk": 147,
    "fields": {
      "user": 7,
      "story": 109,
      "parent": null,
      "content": "저희 케이스에선 부모님이 별도로 채권자와 분할 합의 봤어요. 회생 후엔 채권자도 강하게 못 나오는 경우가 많습니다.",
      "is_deleted": false,
      "deletion_reason": "",
      "deleted_at": null,
      "created_at": "2026-05-04T05:31:41.986Z",
      "updated_at": "2026-05-04T05:31:41.986Z"
    }
  },
  {
    "model": "interactions.comment",
    "pk": 148,
    "fields": {
      "user": 1,
      "story": 109,
      "parent": null,
      "content": "보증인 입장에서도 개인회생 신청 가능하니 부담이 크면 함께 검토하세요.",
      "is_deleted": false,
      "deletion_reason": "",
      "deleted_at": null,
      "created_at": "2026-05-04T05:31:41.990Z",
      "updated_at": "2026-05-04T05:31:41.990Z"
    }
  },
  {
    "model": "interactions.comment",
    "pk": 149,
    "fields": {
      "user": 6,
      "story": 110,
      "parent": null,
      "content": "동업 자금의 사적 사용은 횡령(형법 제356조 또는 제355조)에 해당합니다. 거래 영수증·카드 명세서 보존 후 형사 고소 + 민사 청구 병행 가능합니다.",
      "is_deleted": false,
      "deletion_reason": "",
      "deleted_at": null,
      "created_at": "2026-05-04T05:31:41.995Z",
      "updated_at": "2026-05-04T05:31:41.995Z"
    }
  },
  {
    "model": "interactions.comment",
    "pk": 150,
    "fields": {
      "user": 7,
      "story": 110,
      "parent": null,
      "content": "저는 동업 정산 분쟁에서 카드 명세를 1년치 분석해서 형사·민사 동시 진행했어요. 시간 걸리지만 회수했습니다.",
      "is_deleted": false,
      "deletion_reason": "",
      "deleted_at": null,
      "created_at": "2026-05-04T05:31:42.000Z",
      "updated_at": "2026-05-04T05:31:42.000Z"
    }
  },
  {
    "model": "interactions.comment",
    "pk": 151,
    "fields": {
      "user": 2,
      "story": 110,
      "parent": null,
      "content": "동업계약서에 정산 조항 있으면 그게 1차 기준이에요. 없어도 사실관계로 청구 가능합니다.",
      "is_deleted": false,
      "deletion_reason": "",
      "deleted_at": null,
      "created_at": "2026-05-04T05:31:42.005Z",
      "updated_at": "2026-05-04T05:31:42.005Z"
    }
  },
  {
    "model": "interactions.comment",
    "pk": 152,
    "fields": {
      "user": 6,
      "story": 111,
      "parent": null,
      "content": "여신전문금융업법상 부정사용으로 의심되면 카드사가 조사 의무가 있습니다. 거부 시 금융감독원 분쟁조정 신청 가능. 본인 인증이 정상이라도 명의도용 정황을 입증하면 책임 면제됩니다.",
      "is_deleted": false,
      "deletion_reason": "",
      "deleted_at": null,
      "created_at": "2026-05-04T05:31:42.010Z",
      "updated_at": "2026-05-04T05:31:42.010Z"
    }
  },
  {
    "model": "interactions.comment",
    "pk": 153,
    "fields": {
      "user": 7,
      "story": 111,
      "parent": null,
      "content": "저는 카드사 거부 후 금감원 분쟁조정으로 100% 환불받았어요. 시간은 좀 걸렸지만 결과 좋았습니다.",
      "is_deleted": false,
      "deletion_reason": "",
      "deleted_at": null,
      "created_at": "2026-05-04T05:31:42.015Z",
      "updated_at": "2026-05-04T05:31:42.015Z"
    }
  },
  {
    "model": "interactions.comment",
    "pk": 154,
    "fields": {
      "user": 1,
      "story": 111,
      "parent": null,
      "content": "결제 시점·장소 본인 알리바이 자료 챙기시고 결제 알림 안 받은 정황도 입증하시면 도움됩니다.",
      "is_deleted": false,
      "deletion_reason": "",
      "deleted_at": null,
      "created_at": "2026-05-04T05:31:42.020Z",
      "updated_at": "2026-05-04T05:31:42.020Z"
    }
  },
  {
    "model": "interactions.comment",
    "pk": 155,
    "fields": {
      "user": 7,
      "story": 112,
      "parent": null,
      "content": "저는 환경분쟁조정위 신청 후 위층이 매트 깔고 활동시간 조정해서 해결됐어요. 무료고 효과 있었습니다.",
      "is_deleted": false,
      "deletion_reason": "",
      "deleted_at": null,
      "created_at": "2026-05-04T05:31:42.025Z",
      "updated_at": "2026-05-04T05:31:42.025Z"
    }
  },
  {
    "model": "interactions.comment",
    "pk": 156,
    "fields": {
      "user": 1,
      "story": 112,
      "parent": null,
      "content": "공동주택관리법 개정으로 관리사무소 중재 의무가 강화됐어요. 관리사무소 응대 기록도 챙기시면 후속 절차에서 도움됩니다.",
      "is_deleted": false,
      "deletion_reason": "",
      "deleted_at": null,
      "created_at": "2026-05-04T05:31:42.030Z",
      "updated_at": "2026-05-04T05:31:42.030Z"
    }
  },
  {
    "model": "interactions.comment",
    "pk": 157,
    "fields": {
      "user": 2,
      "story": 113,
      "parent": null,
      "content": "동물병원 진단서·치료비 영수증 모으고, 정신적 위자료는 통상 10~30만원 선이라 너무 과도하면 거절도 가능합니다.",
      "is_deleted": false,
      "deletion_reason": "",
      "deleted_at": null,
      "created_at": "2026-05-04T05:31:42.035Z",
      "updated_at": "2026-05-04T05:31:42.035Z"
    }
  },
  {
    "model": "interactions.comment",
    "pk": 158,
    "fields": {
      "user": 6,
      "story": 114,
      "parent": null,
      "content": "주거지역에서도 일정 규모·소음 기준 내라면 가내 사업 가능합니다. 다만 이웃 민원 누적 시 행정처분 가능성이 있어 사전에 관할 구청 문의하시는 게 안전.",
      "is_deleted": false,
      "deletion_reason": "",
      "deleted_at": null,
      "created_at": "2026-05-04T05:31:42.040Z",
      "updated_at": "2026-05-04T05:31:42.040Z"
    }
  },
  {
    "model": "interactions.comment",
    "pk": 159,
    "fields": {
      "user": 7,
      "story": 114,
      "parent": null,
      "content": "저도 같은 케이스로 구청 상담받았는데 실제로 영업 중단 명령까지 가는 경우는 드물어요. 이웃과 시간대 협의로 푸는 게 일반적.",
      "is_deleted": false,
      "deletion_reason": "",
      "deleted_at": null,
      "created_at": "2026-05-04T05:31:42.045Z",
      "updated_at": "2026-05-04T05:31:42.045Z"
    }
  },
  {
    "model": "interactions.comment",
    "pk": 160,
    "fields": {
      "user": 6,
      "story": 115,
      "parent": null,
      "content": "공동소송 또는 공동고소로 진행 가능합니다. 변호사 한 명이 다수 의뢰인을 대리하는 형태로 비용 부담을 나누는 케이스가 많아요. 법무법인에 단체 상담 요청해보세요.",
      "is_deleted": false,
      "deletion_reason": "",
      "deleted_at": null,
      "created_at": "2026-05-04T05:31:42.049Z",
      "updated_at": "2026-05-04T05:31:42.049Z"
    }
  },
  {
    "model": "interactions.comment",
    "pk": 161,
    "fields": {
      "user": 7,
      "story": 115,
      "parent": null,
      "content": "저도 비슷한 모임에서 공동 고소 진행했어요. 30명 정도 모이니 변호사 비용이 1인당 부담 가능한 수준이 됐습니다.",
      "is_deleted": false,
      "deletion_reason": "",
      "deleted_at": null,
      "created_at": "2026-05-04T05:31:42.054Z",
      "updated_at": "2026-05-04T05:31:42.054Z"
    }
  },
  {
    "model": "interactions.comment",
    "pk": 162,
    "fields": {
      "user": 2,
      "story": 115,
      "parent": null,
      "content": "경찰 신고도 동시에 들어가야 효과 좋아요. 피해자 다수 신고는 수사 우선순위가 올라갑니다.",
      "is_deleted": false,
      "deletion_reason": "",
      "deleted_at": null,
      "created_at": "2026-05-04T05:31:42.059Z",
      "updated_at": "2026-05-04T05:31:42.059Z"
    }
  },
  {
    "model": "interactions.comment",
    "pk": 163,
    "fields": {
      "user": 6,
      "story": 116,
      "parent": null,
      "content": "유튜브 자체 저작권 신고(Copyright Strike)로 1차 대응하시고, 손해배상은 별도 민사 청구 필요. 조회수 기반 추정 수익 + 명예회복 비용까지 청구 가능해요.",
      "is_deleted": false,
      "deletion_reason": "",
      "deleted_at": null,
      "created_at": "2026-05-04T05:31:42.064Z",
      "updated_at": "2026-05-04T05:31:42.064Z"
    }
  },
  {
    "model": "interactions.comment",
    "pk": 164,
    "fields": {
      "user": 7,
      "story": 116,
      "parent": null,
      "content": "저는 신고 한 번에 채널 영상 내려졌어요. 같은 채널이 반복 도용하면 채널 자체 폭파됩니다.",
      "is_deleted": false,
      "deletion_reason": "",
      "deleted_at": null,
      "created_at": "2026-05-04T05:31:42.068Z",
      "updated_at": "2026-05-04T05:31:42.068Z"
    }
  },
  {
    "model": "interactions.comment",
    "pk": 165,
    "fields": {
      "user": 1,
      "story": 116,
      "parent": null,
      "content": "한국저작권위원회 분쟁조정 신청도 좋은 방법이에요. 무료고 빠릅니다.",
      "is_deleted": false,
      "deletion_reason": "",
      "deleted_at": null,
      "created_at": "2026-05-04T05:31:42.073Z",
      "updated_at": "2026-05-04T05:31:42.073Z"
    }
  },
  {
    "model": "interactions.comment",
    "pk": 166,
    "fields": {
      "user": 1,
      "story": 73,
      "parent": null,
      "content": "1년 미만 거주면 도배 비용 거의 없는 게 정상이에요. 영수증 없이 청구하는 건 위법 소지.",
      "is_deleted": false,
      "deletion_reason": "",
      "deleted_at": null,
      "created_at": "2026-05-04T05:31:42.078Z",
      "updated_at": "2026-05-04T05:31:42.078Z"
    }
  },
  {
    "model": "interactions.comment",
    "pk": 167,
    "fields": {
      "user": 7,
      "story": 75,
      "parent": null,
      "content": "5%룰 거부했더니 집주인이 1년만 더 살라고 했어요. 결국 그렇게 합의 봤고요.",
      "is_deleted": false,
      "deletion_reason": "",
      "deleted_at": null,
      "created_at": "2026-05-04T05:31:42.083Z",
      "updated_at": "2026-05-04T05:31:42.083Z"
    }
  },
  {
    "model": "interactions.comment",
    "pk": 168,
    "fields": {
      "user": 1,
      "story": 78,
      "parent": null,
      "content": "근로계약서에 포괄임금제 명시 안 됐다면 별도 수당 받을 권리 있어요.",
      "is_deleted": false,
      "deletion_reason": "",
      "deleted_at": null,
      "created_at": "2026-05-04T05:31:42.088Z",
      "updated_at": "2026-05-04T05:31:42.088Z"
    }
  },
  {
    "model": "interactions.comment",
    "pk": 169,
    "fields": {
      "user": 1,
      "story": 82,
      "parent": null,
      "content": "더치트 등록도 도움됩니다. 다른 피해자들 모이면 공동 고소도 진행되더라고요.",
      "is_deleted": false,
      "deletion_reason": "",
      "deleted_at": null,
      "created_at": "2026-05-04T05:31:42.093Z",
      "updated_at": "2026-05-04T05:31:42.093Z"
    }
  },
  {
    "model": "interactions.comment",
    "pk": 170,
    "fields": {
      "user": 7,
      "story": 83,
      "parent": null,
      "content": "한국체육시설협회에 신고하면 폐업 정보 공유돼서 다른 피해자 보호에도 도움됩니다.",
      "is_deleted": false,
      "deletion_reason": "",
      "deleted_at": null,
      "created_at": "2026-05-04T05:31:42.099Z",
      "updated_at": "2026-05-04T05:31:42.099Z"
    }
  },
  {
    "model": "interactions.comment",
    "pk": 171,
    "fields": {
      "user": 6,
      "story": 102,
      "parent": null,
      "content": "가압류 해소 전에 잔금 치르면 위험하니 반드시 등기 다시 확인 후 진행하세요.",
      "is_deleted": false,
      "deletion_reason": "",
      "deleted_at": null,
      "created_at": "2026-05-04T05:31:42.104Z",
      "updated_at": "2026-05-04T05:31:42.104Z"
    }
  },
  {
    "model": "interactions.comment",
    "pk": 172,
    "fields": {
      "user": 2,
      "story": 107,
      "parent": null,
      "content": "시효 항변 외에 보증 의사 표시의 흠결(강박·기망)도 다툴 수 있어요. 당시 정황 자료 모으세요.",
      "is_deleted": false,
      "deletion_reason": "",
      "deleted_at": null,
      "created_at": "2026-05-04T05:31:42.109Z",
      "updated_at": "2026-05-04T05:31:42.109Z"
    }
  },
  {
    "model": "interactions.comment",
    "pk": 173,
    "fields": {
      "user": 8,
      "story": 112,
      "parent": null,
      "content": "광고: 신비한 만능 약 판매 중! 카톡 문의 ★★★ (이 댓글은 시연용 신고 대상)",
      "is_deleted": true,
      "deletion_reason": "report",
      "deleted_at": "2026-05-04T05:31:42.790Z",
      "created_at": "2026-05-04T05:31:42.772Z",
      "updated_at": "2026-05-04T05:31:42.772Z"
    }
  },
  {
    "model": "interactions.comment",
    "pk": 174,
    "fields": {
      "user": 8,
      "story": 112,
      "parent": null,
      "content": "광고: 신비한 만능 약 판매 중! 카톡 문의 ★★★ (이 댓글은 시연용 신고 대상)",
      "is_deleted": true,
      "deletion_reason": "report",
      "deleted_at": "2026-05-04T05:32:20.434Z",
      "created_at": "2026-05-04T05:32:20.418Z",
      "updated_at": "2026-05-04T05:32:20.418Z"
    }
  },
  {
    "model": "interactions.comment",
    "pk": 37,
    "fields": {
      "user": 7,
      "story": 72,
      "parent": 36,
      "content": "저도 같은 상황 겪었는데 내용증명 한 번 보내니까 그제서야 연락 왔어요. 우체국에서 쉽게 보낼 수 있고 비용 5천원 안 됩니다.",
      "is_deleted": false,
      "deletion_reason": "",
      "deleted_at": null,
      "created_at": "2026-05-04T04:49:36.829Z",
      "updated_at": "2026-05-04T04:49:36.829Z"
    }
  },
  {
    "model": "interactions.comment",
    "pk": 42,
    "fields": {
      "user": 2,
      "story": 75,
      "parent": 41,
      "content": "5% 룰은 정말 든든한 보호망이에요. 저도 작년에 동일하게 거부했고 그대로 기존 임대료로 갱신했습니다.",
      "is_deleted": false,
      "deletion_reason": "",
      "deleted_at": null,
      "created_at": "2026-05-04T04:49:36.855Z",
      "updated_at": "2026-05-04T04:49:36.855Z"
    }
  },
  {
    "model": "interactions.comment",
    "pk": 45,
    "fields": {
      "user": 7,
      "story": 77,
      "parent": 44,
      "content": "저도 비슷하게 수습 종료 통보받고 노동위원회 갔는데, 평가서 자료를 회사가 제대로 못 내서 제 손 들어줬습니다. 3개월 이내가 부당해고 구제신청 기한이니 빠르게 움직이세요.",
      "is_deleted": false,
      "deletion_reason": "",
      "deleted_at": null,
      "created_at": "2026-05-04T04:49:36.872Z",
      "updated_at": "2026-05-04T04:49:36.872Z"
    }
  },
  {
    "model": "interactions.comment",
    "pk": 51,
    "fields": {
      "user": 7,
      "story": 82,
      "parent": 50,
      "content": "저는 100만원 사기당했는데 신고 30분 만에 지급정지로 80만원 회수했어요. 더치트 같은 사기 조회 사이트에 미리 계좌번호 검색하는 습관 들이세요.",
      "is_deleted": false,
      "deletion_reason": "",
      "deleted_at": null,
      "created_at": "2026-05-04T04:49:36.900Z",
      "updated_at": "2026-05-04T04:49:36.900Z"
    }
  },
  {
    "model": "interactions.comment",
    "pk": 56,
    "fields": {
      "user": 7,
      "story": 87,
      "parent": 55,
      "content": "저는 직접지급명령 신청 후 두 달 만에 정상 입금되기 시작했어요. 회사도 알게 되니 전 배우자가 빠르게 움직이더라고요.",
      "is_deleted": false,
      "deletion_reason": "",
      "deleted_at": null,
      "created_at": "2026-05-04T04:49:36.924Z",
      "updated_at": "2026-05-04T04:49:36.924Z"
    }
  },
  {
    "model": "interactions.comment",
    "pk": 61,
    "fields": {
      "user": 7,
      "story": 92,
      "parent": 60,
      "content": "저는 블랙박스에서 신호등 잘 안 보였는데, 인근 CCTV(편의점) 보존 요청해서 과실 비율 뒤집었습니다. 사고 직후 빠르게 움직여야 CCTV가 살아있어요.",
      "is_deleted": false,
      "deletion_reason": "",
      "deleted_at": null,
      "created_at": "2026-05-04T04:49:36.949Z",
      "updated_at": "2026-05-04T04:49:36.949Z"
    }
  },
  {
    "model": "interactions.comment",
    "pk": 66,
    "fields": {
      "user": 7,
      "story": 97,
      "parent": 65,
      "content": "저는 SNS 신고 + 경찰 사이버수사대 동시 신고로 게시물 빠르게 내렸어요. 경찰 신고가 SNS 운영사 대응을 빠르게 만듭니다.",
      "is_deleted": false,
      "deletion_reason": "",
      "deleted_at": null,
      "created_at": "2026-05-04T04:49:36.976Z",
      "updated_at": "2026-05-04T04:49:36.976Z"
    }
  },
  {
    "model": "interactions.comment",
    "pk": 71,
    "fields": {
      "user": 2,
      "story": 102,
      "parent": 70,
      "content": "저는 비슷한 케이스에서 잔금 일정 미루고 매도인이 가압류 해소할 때까지 보증금 공탁하는 방식으로 갔어요. 확실한 보호 장치 필요해요.",
      "is_deleted": false,
      "deletion_reason": "",
      "deleted_at": null,
      "created_at": "2026-05-04T04:49:37.001Z",
      "updated_at": "2026-05-04T04:49:37.001Z"
    }
  },
  {
    "model": "interactions.comment",
    "pk": 74,
    "fields": {
      "user": 7,
      "story": 107,
      "parent": 73,
      "content": "저는 보증 책임 시효 항변으로 일부 면책됐어요. 시효 중단 사실 입증은 채권자가 해야 합니다.",
      "is_deleted": false,
      "deletion_reason": "",
      "deleted_at": null,
      "created_at": "2026-05-04T04:49:37.016Z",
      "updated_at": "2026-05-04T04:49:37.016Z"
    }
  },
  {
    "model": "interactions.comment",
    "pk": 81,
    "fields": {
      "user": 1,
      "story": 113,
      "parent": 78,
      "content": "감사합니다. 동물 점유자 책임 조항으로 정리하면 협상 잘 풀릴 것 같아요.",
      "is_deleted": false,
      "deletion_reason": "",
      "deleted_at": null,
      "created_at": "2026-05-04T04:52:51.914Z",
      "updated_at": "2026-05-04T04:52:51.914Z"
    }
  }
]