[
  {
    "model": "token_blacklist.outstandingtoken",
    "pk": 1,
    "fields": {
      "user": 1,
      "jti": "a559daa67f41443c9101297d4b62811d",
      "token": "eyJhbGciOiJIUzI1NiIsInR5cCI6IkpXVCJ9.eyJ0b2tlbl90eXBlIjoicmVmcmVzaCIsImV4cCI6MTc3Nzg4MDkzMywiaWF0IjoxNzc3Mjc2MTMzLCJqdGkiOiJhNTU5ZGFhNjdmNDE0NDNjOTEwMTI5N2Q0YjYyODExZCIsInVzZXJfaWQiOiIxIn0.g93KL8QVS47uu5E2pIyPNWcVlEnGDf_qL__kidJmd2g",
      "created_at": "2026-04-27T07:48:53.817Z",
      "expires_at": "2026-05-04T07:48:53Z"
    }
  },
  {
    "model": "token_blacklist.outstandingtoken",
    "pk": 2,
    "fields": {
      "user": 1,
      "jti": "4561962f007649cc9d045e1b838c09e6",
      "token": "eyJhbGciOiJIUzI1NiIsInR5cCI6IkpXVCJ9.eyJ0b2tlbl90eXBlIjoicmVmcmVzaCIsImV4cCI6MTc3Nzg4NTM0NywiaWF0IjoxNzc3MjgwNTQ3LCJqdGkiOiI0NTYxOTYyZjAwNzY0OWNjOWQwNDVlMWI4MzhjMDllNiIsInVzZXJfaWQiOiIxIn0.tdAvSXuzo2l4lNkyUGo_LyZUtvkXMIPbC87qxd_vouY",
      "created_at": "2026-04-27T09:02:27.377Z",
      "expires_at": "2026-05-04T09:02:27Z"
    }
  },
  {
    "model": "token_blacklist.outstandingtoken",
    "pk": 3,
    "fields": {
      "user": 2,
      "jti": "18d1f877429a47aaa5cbdefc74463f1f",
      "token": "eyJhbGciOiJIUzI1NiIsInR5cCI6IkpXVCJ9.eyJ0b2tlbl90eXBlIjoicmVmcmVzaCIsImV4cCI6MTc3Nzg4NTQ3MSwiaWF0IjoxNzc3MjgwNjcxLCJqdGkiOiIxOGQxZjg3NzQyOWE0N2FhYTVjYmRlZmM3NDQ2M2YxZiIsInVzZXJfaWQiOiIyIn0.OCmbOl5CmaQ9s8782YHEeW8bpC5T5yDhT-x04DcjtRA",
      "created_at": "2026-04-27T09:04:31.465Z",
      "expires_at": "2026-05-04T09:04:31Z"
    }
  },
  {
    "model": "token_blacklist.outstandingtoken",
    "pk": 4,
    "fields": {
      "user": 1,
      "jti": "d4dbb3e3083847e881aa1bb9da52d1dd",
      "token": "eyJhbGciOiJIUzI1NiIsInR5cCI6IkpXVCJ9.eyJ0b2tlbl90eXBlIjoicmVmcmVzaCIsImV4cCI6MTc3Nzg5Mjk4NywiaWF0IjoxNzc3Mjg4MTg3LCJqdGkiOiJkNGRiYjNlMzA4Mzg0N2U4ODFhYTFiYjlkYTUyZDFkZCIsInVzZXJfaWQiOiIxIn0.hx1_7TEBL9BqEDMNIgHFNtcZhoyJKrltG59m1pfTwUo",
      "created_at": "2026-04-27T11:09:47.922Z",
      "expires_at": "2026-05-04T11:09:47Z"
    }
  },
  {
    "model": "token_blacklist.outstandingtoken",
    "pk": 5,
    "fields": {
      "user": 1,
      "jti": "470ff45580504474990867a84eb3207c",
      "token": "eyJhbGciOiJIUzI1NiIsInR5cCI6IkpXVCJ9.eyJ0b2tlbl90eXBlIjoicmVmcmVzaCIsImV4cCI6MTc3Nzk2NzA0MSwiaWF0IjoxNzc3MzYyMjQxLCJqdGkiOiI0NzBmZjQ1NTgwNTA0NDc0OTkwODY3YTg0ZWIzMjA3YyIsInVzZXJfaWQiOiIxIn0.w4W_dbhH_4ySfd4RmBluv_reATQt-qnI5M5ttgWZsLo",
      "created_at": "2026-04-28T07:44:01.009Z",
      "expires_at": "2026-05-05T07:44:01Z"
    }
  },
  {
    "model": "token_blacklist.outstandingtoken",
    "pk": 6,
    "fields": {
      "user": 2,
      "jti": "4317787a1f1a407f92a85c1a517d2599",
      "token": "eyJhbGciOiJIUzI1NiIsInR5cCI6IkpXVCJ9.eyJ0b2tlbl90eXBlIjoicmVmcmVzaCIsImV4cCI6MTc3Nzk2NzA0MSwiaWF0IjoxNzc3MzYyMjQxLCJqdGkiOiI0MzE3Nzg3YTFmMWE0MDdmOTJhODVjMWE1MTdkMjU5OSIsInVzZXJfaWQiOiIyIn0.vNz1JzvaNyDSveDYkKEbLIqg1fUodOWFg9ddVUQgBvo",
      "created_at": "2026-04-28T07:44:01.306Z",
      "expires_at": "2026-05-05T07:44:01Z"
    }
  },
  {
    "model": "token_blacklist.outstandingtoken",
    "pk": 7,
    "fields": {
      "user": 1,
      "jti": "a5706bbf49174274ac2114678105f306",
      "token": "eyJhbGciOiJIUzI1NiIsInR5cCI6IkpXVCJ9.eyJ0b2tlbl90eXBlIjoicmVmcmVzaCIsImV4cCI6MTc3ODA1NDg4NSwiaWF0IjoxNzc3NDUwMDg1LCJqdGkiOiJhNTcwNmJiZjQ5MTc0Mjc0YWMyMTE0Njc4MTA1ZjMwNiIsInVzZXJfaWQiOiIxIn0.yYpulftxATwD5y4dkxMU41T70PIrPjwWrGJVNwRpCl4",
      "created_at": "2026-04-29T08:08:05.951Z",
      "expires_at": "2026-05-06T08:08:05Z"
    }
  },
  {
    "model": "token_blacklist.outstandingtoken",
    "pk": 8,
    "fields": {
      "user": 1,
      "jti": "b5cf0de316fa426cbcbb4cdef29d32e7",
      "token": "eyJhbGciOiJIUzI1NiIsInR5cCI6IkpXVCJ9.eyJ0b2tlbl90eXBlIjoicmVmcmVzaCIsImV4cCI6MTc3ODA1NDkwMiwiaWF0IjoxNzc3NDUwMTAyLCJqdGkiOiJiNWNmMGRlMzE2ZmE0MjZjYmNiYjRjZGVmMjlkMzJlNyIsInVzZXJfaWQiOiIxIn0.gAGdNEKmJdt4s3yUEQ9eZ8a9mllDaDqEWzMQkkzAffk",
      "created_at": "2026-04-29T08:08:22.442Z",
      "expires_at": "2026-05-06T08:08:22Z"
    }
  },
  {
    "model": "token_blacklist.outstandingtoken",
    "pk": 9,
    "fields": {
      "user": 1,
      "jti": "06329570559145ec8894083348304273",
      "token": "eyJhbGciOiJIUzI1NiIsInR5cCI6IkpXVCJ9.eyJ0b2tlbl90eXBlIjoicmVmcmVzaCIsImV4cCI6MTc3ODA1NDkyNCwiaWF0IjoxNzc3NDUwMTI0LCJqdGkiOiIwNjMyOTU3MDU1OTE0NWVjODg5NDA4MzM0ODMwNDI3MyIsInVzZXJfaWQiOiIxIn0.dvPoHFpSV5Bmf2gub1A1rt00XuEmSMJDYw-G_HP0MkU",
      "created_at": "2026-04-29T08:08:44.231Z",
      "expires_at": "2026-05-06T08:08:44Z"
    }
  },
  {
    "model": "token_blacklist.outstandingtoken",
    "pk": 10,
    "fields": {
      "user": 1,
      "jti": "8e80d479142344dc8c09a5a1b53f5587",
      "token": "eyJhbGciOiJIUzI1NiIsInR5cCI6IkpXVCJ9.eyJ0b2tlbl90eXBlIjoicmVmcmVzaCIsImV4cCI6MTc3ODA4NzY4NCwiaWF0IjoxNzc3NDgyODg0LCJqdGkiOiI4ZTgwZDQ3OTE0MjM0NGRjOGMwOWE1YTFiNTNmNTU4NyIsInVzZXJfaWQiOiIxIn0.FyN290VBt8asfLqjRKEtJek3Ui31__sfuo0QjX2u-lQ",
      "created_at": "2026-04-29T17:14:44.221Z",
      "expires_at": "2026-05-06T17:14:44Z"
    }
  },
  {
    "model": "token_blacklist.blacklistedtoken",
    "pk": 1,
    "fields": {
      "token": 1,
      "blacklisted_at": "2026-04-27T07:49:09.361Z"
    }
  },
  {
    "model": "token_blacklist.blacklistedtoken",
    "pk": 2,
    "fields": {
      "token": 8,
      "blacklisted_at": "2026-04-29T08:08:22.504Z"
    }
  },
  {
    "model": "accounts.user",
    "pk": 1,
    "fields": {
      "password": "pbkdf2_sha256$1000000$ObKrgi5RaL1q1mZbTL8a3W$Rdl4QQhyf6xKfVpKBeRrzmC88dtXCRLYMmNKQ0O6O+c=",
      "last_login": null,
      "is_superuser": false,
      "username": "testuser",
      "first_name": "",
      "last_name": "",
      "is_staff": false,
      "is_active": true,
      "date_joined": "2026-04-27T07:48:33.135Z",
      "email": "test@test.com",
      "nickname": "테스트",
      "created_at": "2026-04-27T07:48:33.340Z",
      "updated_at": "2026-04-27T07:48:33.340Z",
      "groups": [],
      "user_permissions": []
    }
  },
  {
    "model": "accounts.user",
    "pk": 2,
    "fields": {
      "password": "pbkdf2_sha256$1000000$zo0kwghRa6ZtARYwg2XReH$fjo4tls64IBcBZfcKtKGG8QcCxv3O6pMIXNUEffJMlQ=",
      "last_login": null,
      "is_superuser": false,
      "username": "testuser2",
      "first_name": "",
      "last_name": "",
      "is_staff": false,
      "is_active": true,
      "date_joined": "2026-04-27T09:04:31.057Z",
      "email": "u2@test.com",
      "nickname": "두번째",
      "created_at": "2026-04-27T09:04:31.238Z",
      "updated_at": "2026-04-27T09:04:31.238Z",
      "groups": [],
      "user_permissions": []
    }
  },
  {
    "model": "accounts.user",
    "pk": 3,
    "fields": {
      "password": "pbkdf2_sha256$1000000$s8BWB6gxwWRnD4pKLwry4Q$xjzjywIsqks2xhzRXpwoWE+a5gawqqj6XhCpKst2H3w=",
      "last_login": null,
      "is_superuser": false,
      "username": "testuser3",
      "first_name": "",
      "last_name": "",
      "is_staff": false,
      "is_active": true,
      "date_joined": "2026-04-29T08:07:29.353Z",
      "email": "u3@test.com",
      "nickname": "세번째",
      "created_at": "2026-04-29T08:07:29.553Z",
      "updated_at": "2026-05-01T05:13:27.360Z",
      "groups": [],
      "user_permissions": []
    }
  },
  {
    "model": "accounts.user",
    "pk": 4,
    "fields": {
      "password": "pbkdf2_sha256$1000000$4mdwk5CrgoljlPmzBq6tTw$cDXL9eAK8C/vvVyBYCsMtv5PgEHiJxAOrNJTi0ny6iQ=",
      "last_login": null,
      "is_superuser": true,
      "username": "admin",
      "first_name": "",
      "last_name": "",
      "is_staff": true,
      "is_active": true,
      "date_joined": "2026-05-01T05:12:09.039Z",
      "email": "admin@munbeop.local",
      "nickname": "관리자",
      "created_at": "2026-05-01T05:12:09.039Z",
      "updated_at": "2026-05-01T05:12:09.253Z",
      "groups": [],
      "user_permissions": []
    }
  },
  {
    "model": "stories.category",
    "pk": 1,
    "fields": {
      "name": "전세/월세",
      "slug": "housing",
      "description": "전세, 월세, 보증금, 임대차 관련 분쟁",
      "order": 1,
      "created_at": "2026-04-27T09:01:33.012Z"
    }
  },
  {
    "model": "stories.category",
    "pk": 2,
    "fields": {
      "name": "직장/노동",
      "slug": "labor",
      "description": "임금, 해고, 근로계약, 직장 내 괴롭힘 관련",
      "order": 2,
      "created_at": "2026-04-27T09:01:33.023Z"
    }
  },
  {
    "model": "stories.category",
    "pk": 3,
    "fields": {
      "name": "소비자 분쟁",
      "slug": "consumer",
      "description": "환불, 교환, 계약 해지, 온라인 쇼핑 분쟁",
      "order": 3,
      "created_at": "2026-04-27T09:01:33.033Z"
    }
  },
  {
    "model": "stories.category",
    "pk": 4,
    "fields": {
      "name": "이혼/가족",
      "slug": "family",
      "description": "이혼, 양육권, 상속, 가족 관계 분쟁",
      "order": 4,
      "created_at": "2026-04-27T09:01:33.043Z"
    }
  },
  {
    "model": "stories.category",
    "pk": 5,
    "fields": {
      "name": "교통사고",
      "slug": "traffic",
      "description": "자동차 사고, 보험 처리, 과실 비율",
      "order": 5,
      "created_at": "2026-04-27T09:01:33.054Z"
    }
  },
  {
    "model": "stories.category",
    "pk": 6,
    "fields": {
      "name": "형사",
      "slug": "criminal",
      "description": "고소/고발, 형사 절차, 피해자 권리",
      "order": 6,
      "created_at": "2026-04-27T09:01:33.064Z"
    }
  },
  {
    "model": "stories.category",
    "pk": 7,
    "fields": {
      "name": "부동산 매매",
      "slug": "realestate",
      "description": "부동산 매매 계약, 등기, 명도 분쟁",
      "order": 7,
      "created_at": "2026-04-27T09:01:33.075Z"
    }
  },
  {
    "model": "stories.category",
    "pk": 8,
    "fields": {
      "name": "채권/채무",
      "slug": "debt",
      "description": "대여금, 보증, 채권 추심",
      "order": 8,
      "created_at": "2026-04-27T09:01:33.085Z"
    }
  },
  {
    "model": "stories.category",
    "pk": 9,
    "fields": {
      "name": "기타",
      "slug": "etc",
      "description": "위 분류에 해당하지 않는 기타 분쟁",
      "order": 9,
      "created_at": "2026-04-27T09:01:33.095Z"
    }
  },
  {
    "model": "stories.story",
    "pk": 1,
    "fields": {
      "user": 1,
      "title": "전세 보증금 반환 지연 문의",
      "content": "집주인이 보증금 반환을 미루고 있습니다. 어떻게 해야 하나요?",
      "category": 1,
      "is_anonymous": false,
      "is_deleted": false,
      "deleted_at": null,
      "view_count": 49,
      "created_at": "2026-04-27T09:02:27.438Z",
      "updated_at": "2026-04-27T09:04:31.007Z"
    }
  },
  {
    "model": "stories.story",
    "pk": 17,
    "fields": {
      "user": 1,
      "title": "전세 관련 추가 사연 #1",
      "content": "전세 보증금 관련 새 사연 #1 입니다.",
      "category": 1,
      "is_anonymous": false,
      "is_deleted": false,
      "deleted_at": null,
      "view_count": 15,
      "created_at": "2026-04-27T11:09:47.955Z",
      "updated_at": "2026-04-27T11:09:47.955Z"
    }
  },
  {
    "model": "stories.story",
    "pk": 18,
    "fields": {
      "user": 1,
      "title": "전세 관련 추가 사연 #2",
      "content": "전세 보증금 관련 새 사연 #2 입니다.",
      "category": 1,
      "is_anonymous": false,
      "is_deleted": false,
      "deleted_at": null,
      "view_count": 3,
      "created_at": "2026-04-27T11:09:47.976Z",
      "updated_at": "2026-04-27T11:09:47.976Z"
    }
  },
  {
    "model": "stories.story",
    "pk": 19,
    "fields": {
      "user": 1,
      "title": "전세 관련 추가 사연 #3",
      "content": "전세 보증금 관련 새 사연 #3 입니다.",
      "category": 1,
      "is_anonymous": false,
      "is_deleted": false,
      "deleted_at": null,
      "view_count": 0,
      "created_at": "2026-04-27T11:09:47.995Z",
      "updated_at": "2026-04-27T11:09:47.995Z"
    }
  },
  {
    "model": "stories.story",
    "pk": 20,
    "fields": {
      "user": 1,
      "title": "전세 관련 추가 사연 #4",
      "content": "전세 보증금 관련 새 사연 #4 입니다.",
      "category": 1,
      "is_anonymous": false,
      "is_deleted": false,
      "deleted_at": null,
      "view_count": 8,
      "created_at": "2026-04-27T11:09:48.014Z",
      "updated_at": "2026-04-27T11:09:48.014Z"
    }
  },
  {
    "model": "stories.story",
    "pk": 62,
    "fields": {
      "user": 1,
      "title": "3년 다닌 회사에서 갑작스러운 해고 통보",
      "content": "3년째 다니던 작은 회사에서 갑자기 해고 통보를 받았습니다. 어제 사장님이 따로 부르시더니 '회사 사정이 안 좋다, 다음 주부터 나오지 말라'고 한 마디만 하시고 끝이었습니다. 서면 통지도 없었고 구체적인 사유 설명도 없었어요. 인사위원회나 징계 절차 같은 것도 없었고요. 동료들 얘기 들어보니 회사 매출은 평소랑 비슷하다는데, 정말 회사 사정이 맞는 건지도 의심스럽습니다. 이런 경우도 부당해고에 해당하는 건가요? 받을 수 있는 보상이 있는지, 어디에 신고하면 되는지 알고 싶습니다.",
      "category": 2,
      "is_anonymous": false,
      "is_deleted": false,
      "deleted_at": null,
      "view_count": 50,
      "created_at": "2026-04-28T06:19:26.674Z",
      "updated_at": "2026-04-28T06:19:26.674Z"
    }
  },
  {
    "model": "stories.story",
    "pk": 63,
    "fields": {
      "user": 2,
      "title": "배송 중 파손된 가전, 환불 거부 당했습니다",
      "content": "온라인 쇼핑몰에서 소형 가전을 구매했는데 배송 중 외관이 심하게 파손돼서 도착했습니다. 박스도 찌그러져 있었고 제품 모서리가 깨져 있었어요. 받자마자 사진 찍어서 판매자에게 환불을 요청했는데 '소비자 부주의' 또는 '택배사 책임'이라며 책임을 미루고 환불을 거부하고 있습니다. 이런 경우 누구한테 책임을 물어야 하는 건가요? 소비자 분쟁조정위원회 같은 곳에 신고하면 효과가 있을까요?",
      "category": 3,
      "is_anonymous": false,
      "is_deleted": false,
      "deleted_at": null,
      "view_count": 25,
      "created_at": "2026-04-28T06:19:26.685Z",
      "updated_at": "2026-04-28T06:19:26.685Z"
    }
  },
  {
    "model": "stories.story",
    "pk": 64,
    "fields": {
      "user": 1,
      "title": "이혼 양육비 산정, 산정표대로 따라야 하나요?",
      "content": "이혼 소송을 진행 중인데 양육비 산정 기준이 너무 모호해서 답답합니다. 아이가 둘(초등학생, 미취학)이고 제 월 소득은 350만원, 배우자 소득은 500만원 정도입니다. 양육은 제가 맡기로 했는데 변호사마다 얘기가 달라서 헷갈려요. 양육비 산정표라는 게 있다고 들었는데 거기 그대로 따르는 건지 아니면 협의로 정할 수 있는 건지, 한 번 정해지면 바꾸기 어려운지도 궁금합니다.",
      "category": 4,
      "is_anonymous": true,
      "is_deleted": false,
      "deleted_at": null,
      "view_count": 35,
      "created_at": "2026-04-28T06:19:26.695Z",
      "updated_at": "2026-04-28T06:19:26.695Z"
    }
  },
  {
    "model": "stories.story",
    "pk": 65,
    "fields": {
      "user": 2,
      "title": "이면도로 사거리 사고, 과실비율 6:4 납득이 안 갑니다",
      "content": "주택가 이면도로에서 신호 없는 사거리를 지나가다가 우측에서 오던 차량과 부딪혔습니다. 다행히 인명피해는 없는데 양쪽 차량 다 제법 파손됐습니다. 보험사에서는 과실 비율이 6:4(제 쪽이 6)로 나왔다는데, 상대방이 좌우 확인 안 하고 그냥 진입했는데 왜 제 과실이 더 큰 건지 납득이 안 갑니다. 블랙박스 영상도 있는데 보험사가 다시 검토해줄까요? 이의제기는 어떻게 하나요?",
      "category": 5,
      "is_anonymous": false,
      "is_deleted": false,
      "deleted_at": null,
      "view_count": 10,
      "created_at": "2026-04-28T06:19:26.706Z",
      "updated_at": "2026-04-28T06:19:26.706Z"
    }
  },
  {
    "model": "stories.story",
    "pk": 66,
    "fields": {
      "user": 1,
      "title": "공공장소에서 험담 들었는데 명예훼손 신고 가능한가요?",
      "content": "동네 카페에서 단골 손님 몇 명이 모여 제 험담을 하는 걸 우연히 들었습니다. '저 사람 돈 떼어먹은 적 있다'는 등 사실과 전혀 다른 얘기를 큰 소리로 하고 있었어요. 듣고 있던 다른 손님들이 저를 이상한 눈으로 쳐다보더라고요. 녹음한 건 없지만 함께 있던 친구가 같이 들었습니다. 이런 경우도 명예훼손으로 신고할 수 있나요? 사실이 아닌 내용을 공공장소에서 큰소리로 떠든 거라면요.",
      "category": 6,
      "is_anonymous": true,
      "is_deleted": false,
      "deleted_at": null,
      "view_count": 8,
      "created_at": "2026-04-28T06:19:26.716Z",
      "updated_at": "2026-04-28T06:19:26.716Z"
    }
  },
  {
    "model": "stories.story",
    "pk": 67,
    "fields": {
      "user": 1,
      "title": "아파트 매매 계약을 매도인이 일방 해제 통보",
      "content": "3개월 전에 아파트 매매 계약을 맺고 계약금 5천만원을 지급했습니다. 그런데 잔금 치르기 한 달 전에 매도인이 갑자기 '집값이 너무 올라서 못 팔겠다, 위약금 두 배로 줄 테니 계약을 해제하자'고 통보했습니다. 저는 이미 이사 준비도 다 해놨고 살던 집도 정리한 상태라 너무 황당합니다. 위약금만 받고 끝낼 수밖에 없는 건지, 계약 이행을 강제할 방법은 없는지 궁금합니다.",
      "category": 7,
      "is_anonymous": false,
      "is_deleted": false,
      "deleted_at": null,
      "view_count": 40,
      "created_at": "2026-04-28T06:19:26.742Z",
      "updated_at": "2026-04-28T06:19:26.742Z"
    }
  },
  {
    "model": "stories.story",
    "pk": 68,
    "fields": {
      "user": 2,
      "title": "카톡으로 빌려준 돈 1500만원, 회수 가능할까요?",
      "content": "5년 전쯤 친한 친구한테 1500만원을 빌려줬습니다. 차용증 같은 건 없고 카톡으로 '꼭 갚을게'라고 한 메시지랑 계좌이체 내역만 있어요. 처음 1년은 조금씩 갚더니 그 후로 연락이 끊겼고 최근에 우연히 만났는데 '돈 빌린 적 없다'고 잡아뗍니다. 카톡 내역과 이체 내역만 있어도 법적으로 받아낼 수 있나요? 시효는 얼마나 남았을까요?",
      "category": 8,
      "is_anonymous": true,
      "is_deleted": false,
      "deleted_at": null,
      "view_count": 20,
      "created_at": "2026-04-28T06:19:26.766Z",
      "updated_at": "2026-04-28T06:19:26.766Z"
    }
  },
  {
    "model": "stories.story",
    "pk": 69,
    "fields": {
      "user": 1,
      "title": "윗집 누수로 손상, 윗집과 시공사 누구한테 청구하나요?",
      "content": "아파트 윗집 누수로 천장과 벽지가 손상되고 가구도 일부 망가졌습니다. 윗집 주인은 자기 잘못이 아니고 시공사 문제라며 책임을 회피하고, 시공사는 보증기간 지났다고 발뺍니다. 결국 저만 손해를 보는 상황인데, 윗집에 손해배상을 청구할 수 있는 건지, 아니면 시공사에 청구해야 하는지 헷갈립니다. 누구를 상대로 어떻게 진행해야 하나요?",
      "category": 9,
      "is_anonymous": false,
      "is_deleted": false,
      "deleted_at": null,
      "view_count": 5,
      "created_at": "2026-04-28T06:19:26.794Z",
      "updated_at": "2026-04-28T06:19:26.794Z"
    }
  },
  {
    "model": "stories.story",
    "pk": 70,
    "fields": {
      "user": 1,
      "title": "6B 검증용 - 전세 보증금 새 사연",
      "content": "전세 보증금 못 받고 있어서 어떻게 처리해야 할지 모르겠습니다. 임대인이 연락도 안 됩니다. 도움이 필요해요.",
      "category": 1,
      "is_anonymous": false,
      "is_deleted": true,
      "deleted_at": "2026-04-29T17:14:59.140Z",
      "view_count": 0,
      "created_at": "2026-04-29T17:14:59.079Z",
      "updated_at": "2026-04-29T17:14:59.079Z"
    }
  },
  {
    "model": "legal_data.law",
    "pk": 1,
    "fields": {
      "law_name": "주택임대차보호법",
      "article_number": "제7조",
      "article_title": "차임 등의 증감청구권",
      "content": "당사자는 약정한 차임이나 보증금이 임차주택에 관한 조세, 공과금, 그 밖의 부담의 증감이나 경제사정의 변동으로 적절하지 아니하게 된 때에는 장래에 대하여 그 증감을 청구할 수 있다. 다만, 증액의 경우에는 대통령령으로 정하는 기준에 따른 비율을 초과하지 못한다.\n(법조문 본문 일부 발췌 — 정확한 전문은 source_url 참조)",
      "category": 1,
      "keywords": "전세,월세,보증금,차임,증감,임대인,임차인",
      "source_url": "https://www.law.go.kr/법령/주택임대차보호법",
      "is_active": true,
      "created_at": "2026-04-28T05:03:31.470Z",
      "updated_at": "2026-04-28T05:06:11.900Z"
    }
  },
  {
    "model": "legal_data.law",
    "pk": 2,
    "fields": {
      "law_name": "주택임대차보호법",
      "article_number": "제3조",
      "article_title": "대항력 등",
      "content": "① 임대차는 그 등기가 없는 경우에도 임차인이 주택의 인도와 주민등록을 마친 때에는 그 다음 날부터 제3자에 대하여 효력이 생긴다.\n(제1항만 발췌. 제2항~제5항은 source_url 참조)",
      "category": 1,
      "keywords": "대항력,전입신고,확정일자,임차인,보증금",
      "source_url": "https://www.law.go.kr/법령/주택임대차보호법",
      "is_active": true,
      "created_at": "2026-04-28T05:03:31.472Z",
      "updated_at": "2026-04-28T05:06:11.901Z"
    }
  },
  {
    "model": "legal_data.law",
    "pk": 3,
    "fields": {
      "law_name": "근로기준법",
      "article_number": "제23조",
      "article_title": "해고 등의 제한",
      "content": "① 사용자는 근로자에게 정당한 이유 없이 해고, 휴직, 정직, 전직, 감봉, 그 밖의 징벌(이하 “부당해고등”이라 한다)을 하지 못한다.\n(제1항만 발췌. 제2항(요양 중 해고 제한 등)은 source_url 참조)",
      "category": 2,
      "keywords": "해고,정당한이유,징계,부당해고,근로자",
      "source_url": "https://www.law.go.kr/법령/근로기준법",
      "is_active": true,
      "created_at": "2026-04-28T05:03:31.473Z",
      "updated_at": "2026-04-28T05:06:11.902Z"
    }
  },
  {
    "model": "legal_data.law",
    "pk": 4,
    "fields": {
      "law_name": "형법",
      "article_number": "제307조",
      "article_title": "명예훼손",
      "content": "① 공연히 사실을 적시하여 사람의 명예를 훼손한 자는 2년 이하의 징역이나 금고 또는 500만원 이하의 벌금에 처한다.\n② 공연히 허위의 사실을 적시하여 사람의 명예를 훼손한 자는 5년 이하의 징역, 10년 이하의 자격정지 또는 1천만원 이하의 벌금에 처한다.",
      "category": 6,
      "keywords": "명예훼손,사실적시,허위사실,공연성",
      "source_url": "https://www.law.go.kr/법령/형법",
      "is_active": true,
      "created_at": "2026-04-28T05:03:31.476Z",
      "updated_at": "2026-04-28T05:06:11.903Z"
    }
  },
  {
    "model": "legal_data.law",
    "pk": 5,
    "fields": {
      "law_name": "민법",
      "article_number": "제750조",
      "article_title": "불법행위의 내용",
      "content": "고의 또는 과실로 인한 위법행위로 타인에게 손해를 가한 자는 그 손해를 배상할 책임이 있다.",
      "category": 9,
      "keywords": "불법행위,손해배상,고의,과실,위법",
      "source_url": "https://www.law.go.kr/법령/민법",
      "is_active": true,
      "created_at": "2026-04-28T05:03:31.477Z",
      "updated_at": "2026-04-28T05:06:38.751Z"
    }
  },
  {
    "model": "legal_data.precedent",
    "pk": 1,
    "fields": {
      "case_number": "[임시] 2022다123456",
      "case_name": "임대차 보증금 반환 청구 사건",
      "court": "대법원",
      "judgment_date": "2022-06-15",
      "summary": "임차인의 원상복구 의무는 통상의 사용으로 인한 자연마모를 포함하지 않는다는 취지의 판단.",
      "content": "[임시 본문 — STEP 8 이후 본격 적재 시 교체 예정]\n본 사건은 임대차 종료 후 임차인의 원상복구 의무 범위가 쟁점이 되었다. 법원은 통상적 사용으로 인한 자연마모는 임차인의 원상복구 의무 범위에 포함되지 않는다고 판단하였다.",
      "category": 1,
      "keywords": "보증금,원상복구,자연마모,임차인,임대인",
      "source_url": "",
      "result_type": "plaintiff_partial",
      "created_at": "2026-04-28T05:03:31.478Z",
      "updated_at": "2026-04-28T05:06:11.904Z",
      "related_laws": [
        1
      ]
    }
  },
  {
    "model": "legal_data.precedent",
    "pk": 2,
    "fields": {
      "case_number": "[임시] 2023나98765",
      "case_name": "부당해고 구제 사건",
      "court": "서울중앙지방법원",
      "judgment_date": "2023-03-22",
      "summary": "절차적 정당성을 갖추지 못한 해고는 무효라는 취지의 판단.",
      "content": "[임시 본문 — STEP 8 이후 본격 적재 시 교체 예정]\n본 사건은 사용자가 징계위원회 절차를 거치지 않고 해고를 통보한 사안으로, 법원은 해고에 정당한 이유가 있더라도 절차적 정당성을 결한 경우 해고가 무효임을 판시하였다.",
      "category": 2,
      "keywords": "부당해고,절차,징계위원회,근로자",
      "source_url": "",
      "result_type": "plaintiff_win",
      "created_at": "2026-04-28T05:03:31.481Z",
      "updated_at": "2026-04-28T05:06:11.906Z",
      "related_laws": [
        3
      ]
    }
  },
  {
    "model": "legal_data.precedent",
    "pk": 3,
    "fields": {
      "case_number": "[임시] 2021도54321",
      "case_name": "명예훼손 위법성 조각 사건",
      "court": "대법원",
      "judgment_date": "2021-11-04",
      "summary": "공익 목적이 인정되는 경우 명예훼손의 위법성이 조각될 수 있다는 취지의 판단.",
      "content": "[임시 본문 — STEP 8 이후 본격 적재 시 교체 예정]\n본 사건은 공적 사안에 관한 사실 적시가 명예훼손에 해당하는지가 쟁점이 되었다. 법원은 공익 목적이 주된 동기이고 적시된 사실이 진실에 부합하는 경우 형법상 위법성이 조각된다고 판단하였다.",
      "category": 6,
      "keywords": "명예훼손,위법성조각,공익,사실적시",
      "source_url": "",
      "result_type": "defendant_win",
      "created_at": "2026-04-28T05:03:31.483Z",
      "updated_at": "2026-04-28T05:06:11.907Z",
      "related_laws": [
        4
      ]
    }
  },
  {
    "model": "interactions.like",
    "pk": 1,
    "fields": {
      "user": 1,
      "target_type": "story",
      "target_id": 62,
      "created_at": "2026-04-28T07:42:56.116Z"
    }
  },
  {
    "model": "interactions.like",
    "pk": 3,
    "fields": {
      "user": 2,
      "target_type": "comment",
      "target_id": 1,
      "created_at": "2026-04-28T07:45:04.508Z"
    }
  },
  {
    "model": "interactions.bookmark",
    "pk": 3,
    "fields": {
      "user": 1,
      "target_type": "story",
      "target_id": 1,
      "created_at": "2026-04-28T07:45:34.568Z"
    }
  },
  {
    "model": "interactions.bookmark",
    "pk": 4,
    "fields": {
      "user": 1,
      "target_type": "law",
      "target_id": 1,
      "created_at": "2026-04-28T07:45:34.621Z"
    }
  },
  {
    "model": "interactions.bookmark",
    "pk": 5,
    "fields": {
      "user": 1,
      "target_type": "precedent",
      "target_id": 1,
      "created_at": "2026-04-28T07:45:34.672Z"
    }
  },
  {
    "model": "interactions.comment",
    "pk": 1,
    "fields": {
      "user": 1,
      "story": 1,
      "parent": null,
      "content": "저도 비슷한 상황이에요. 보증금 못 받아서 골치 아팠는데 결국 임차권등기명령부터 신청했습니다. 도움 되셨으면 해서 댓글 남깁니다.",
      "is_deleted": false,
      "deleted_at": null,
      "created_at": "2026-04-28T07:42:56.083Z",
      "updated_at": "2026-04-28T07:42:56.083Z"
    }
  },
  {
    "model": "interactions.comment",
    "pk": 3,
    "fields": {
      "user": 1,
      "story": 1,
      "parent": null,
      "content": "테스트 댓글 #수정됨",
      "is_deleted": true,
      "deleted_at": "2026-04-28T07:44:52.675Z",
      "created_at": "2026-04-28T07:44:01.340Z",
      "updated_at": "2026-04-28T07:44:52.632Z"
    }
  },
  {
    "model": "interactions.comment",
    "pk": 5,
    "fields": {
      "user": 1,
      "story": 62,
      "parent": null,
      "content": "story 62 댓글",
      "is_deleted": false,
      "deleted_at": null,
      "created_at": "2026-04-28T07:44:37.915Z",
      "updated_at": "2026-04-28T07:44:37.915Z"
    }
  },
  {
    "model": "interactions.comment",
    "pk": 6,
    "fields": {
      "user": 1,
      "story": 1,
      "parent": null,
      "content": "고립된 댓글 — 곧 삭제됨",
      "is_deleted": true,
      "deleted_at": "2026-04-28T07:44:52.760Z",
      "created_at": "2026-04-28T07:44:52.730Z",
      "updated_at": "2026-04-28T07:44:52.730Z"
    }
  },
  {
    "model": "interactions.comment",
    "pk": 7,
    "fields": {
      "user": 1,
      "story": 1,
      "parent": null,
      "content": "6B 시연 댓글 (검증용)",
      "is_deleted": true,
      "deleted_at": "2026-04-29T17:15:12.865Z",
      "created_at": "2026-04-29T17:15:12.784Z",
      "updated_at": "2026-04-29T17:15:12.784Z"
    }
  },
  {
    "model": "interactions.comment",
    "pk": 2,
    "fields": {
      "user": 2,
      "story": 1,
      "parent": 1,
      "content": "저는 내용증명부터 보내고 그래도 안 줘서 소액심판으로 갔습니다. 내용증명 단계에서 주는 경우도 있어요.",
      "is_deleted": false,
      "deleted_at": null,
      "created_at": "2026-04-28T07:42:56.100Z",
      "updated_at": "2026-04-28T07:42:56.100Z"
    }
  },
  {
    "model": "interactions.comment",
    "pk": 4,
    "fields": {
      "user": 2,
      "story": 1,
      "parent": 3,
      "content": "대댓글 추가",
      "is_deleted": false,
      "deleted_at": null,
      "created_at": "2026-04-28T07:44:37.869Z",
      "updated_at": "2026-04-28T07:44:37.869Z"
    }
  },
  {
    "model": "interactions.comment",
    "pk": 8,
    "fields": {
      "user": 1,
      "story": 1,
      "parent": 7,
      "content": "대댓글 시연",
      "is_deleted": true,
      "deleted_at": "2026-04-29T17:15:12.908Z",
      "created_at": "2026-04-29T17:15:12.814Z",
      "updated_at": "2026-04-29T17:15:12.814Z"
    }
  }
]