[
  {
    "model": "token_blacklist.outstandingtoken",
    "pk": 1,
    "fields": {
      "user": 1,
      "jti": "a559daa67f41443c9101297d4b62811d",
      "token": "eyJhbGciOiJIUzI1NiIsInR5cCI6IkpXVCJ9.eyJ0b2tlbl90eXBlIjoicmVmcmVzaCIsImV4cCI6MTc3Nzg4MDkzMywiaWF0IjoxNzc3Mjc2MTMzLCJqdGkiOiJhNTU5ZGFhNjdmNDE0NDNjOTEwMTI5N2Q0YjYyODExZCIsInVzZXJfaWQiOiIxIn0.g93KL8QVS47uu5E2pIyPNWcVlEnGDf_qL__kidJmd2g",
      "created_at": "2026-04-27T07:48:53.817Z",
      "expires_at": "2026-05-04T07:48:53Z"
    }
  },
  {
    "model": "token_blacklist.outstandingtoken",
    "pk": 2,
    "fields": {
      "user": 1,
      "jti": "4561962f007649cc9d045e1b838c09e6",
      "token": "eyJhbGciOiJIUzI1NiIsInR5cCI6IkpXVCJ9.eyJ0b2tlbl90eXBlIjoicmVmcmVzaCIsImV4cCI6MTc3Nzg4NTM0NywiaWF0IjoxNzc3MjgwNTQ3LCJqdGkiOiI0NTYxOTYyZjAwNzY0OWNjOWQwNDVlMWI4MzhjMDllNiIsInVzZXJfaWQiOiIxIn0.tdAvSXuzo2l4lNkyUGo_LyZUtvkXMIPbC87qxd_vouY",
      "created_at": "2026-04-27T09:02:27.377Z",
      "expires_at": "2026-05-04T09:02:27Z"
    }
  },
  {
    "model": "token_blacklist.outstandingtoken",
    "pk": 3,
    "fields": {
      "user": 2,
      "jti": "18d1f877429a47aaa5cbdefc74463f1f",
      "token": "eyJhbGciOiJIUzI1NiIsInR5cCI6IkpXVCJ9.eyJ0b2tlbl90eXBlIjoicmVmcmVzaCIsImV4cCI6MTc3Nzg4NTQ3MSwiaWF0IjoxNzc3MjgwNjcxLCJqdGkiOiIxOGQxZjg3NzQyOWE0N2FhYTVjYmRlZmM3NDQ2M2YxZiIsInVzZXJfaWQiOiIyIn0.OCmbOl5CmaQ9s8782YHEeW8bpC5T5yDhT-x04DcjtRA",
      "created_at": "2026-04-27T09:04:31.465Z",
      "expires_at": "2026-05-04T09:04:31Z"
    }
  },
  {
    "model": "token_blacklist.outstandingtoken",
    "pk": 4,
    "fields": {
      "user": 1,
      "jti": "d4dbb3e3083847e881aa1bb9da52d1dd",
      "token": "eyJhbGciOiJIUzI1NiIsInR5cCI6IkpXVCJ9.eyJ0b2tlbl90eXBlIjoicmVmcmVzaCIsImV4cCI6MTc3Nzg5Mjk4NywiaWF0IjoxNzc3Mjg4MTg3LCJqdGkiOiJkNGRiYjNlMzA4Mzg0N2U4ODFhYTFiYjlkYTUyZDFkZCIsInVzZXJfaWQiOiIxIn0.hx1_7TEBL9BqEDMNIgHFNtcZhoyJKrltG59m1pfTwUo",
      "created_at": "2026-04-27T11:09:47.922Z",
      "expires_at": "2026-05-04T11:09:47Z"
    }
  },
  {
    "model": "token_blacklist.outstandingtoken",
    "pk": 5,
    "fields": {
      "user": 1,
      "jti": "470ff45580504474990867a84eb3207c",
      "token": "eyJhbGciOiJIUzI1NiIsInR5cCI6IkpXVCJ9.eyJ0b2tlbl90eXBlIjoicmVmcmVzaCIsImV4cCI6MTc3Nzk2NzA0MSwiaWF0IjoxNzc3MzYyMjQxLCJqdGkiOiI0NzBmZjQ1NTgwNTA0NDc0OTkwODY3YTg0ZWIzMjA3YyIsInVzZXJfaWQiOiIxIn0.w4W_dbhH_4ySfd4RmBluv_reATQt-qnI5M5ttgWZsLo",
      "created_at": "2026-04-28T07:44:01.009Z",
      "expires_at": "2026-05-05T07:44:01Z"
    }
  },
  {
    "model": "token_blacklist.outstandingtoken",
    "pk": 6,
    "fields": {
      "user": 2,
      "jti": "4317787a1f1a407f92a85c1a517d2599",
      "token": "eyJhbGciOiJIUzI1NiIsInR5cCI6IkpXVCJ9.eyJ0b2tlbl90eXBlIjoicmVmcmVzaCIsImV4cCI6MTc3Nzk2NzA0MSwiaWF0IjoxNzc3MzYyMjQxLCJqdGkiOiI0MzE3Nzg3YTFmMWE0MDdmOTJhODVjMWE1MTdkMjU5OSIsInVzZXJfaWQiOiIyIn0.vNz1JzvaNyDSveDYkKEbLIqg1fUodOWFg9ddVUQgBvo",
      "created_at": "2026-04-28T07:44:01.306Z",
      "expires_at": "2026-05-05T07:44:01Z"
    }
  },
  {
    "model": "token_blacklist.outstandingtoken",
    "pk": 7,
    "fields": {
      "user": 1,
      "jti": "a5706bbf49174274ac2114678105f306",
      "token": "eyJhbGciOiJIUzI1NiIsInR5cCI6IkpXVCJ9.eyJ0b2tlbl90eXBlIjoicmVmcmVzaCIsImV4cCI6MTc3ODA1NDg4NSwiaWF0IjoxNzc3NDUwMDg1LCJqdGkiOiJhNTcwNmJiZjQ5MTc0Mjc0YWMyMTE0Njc4MTA1ZjMwNiIsInVzZXJfaWQiOiIxIn0.yYpulftxATwD5y4dkxMU41T70PIrPjwWrGJVNwRpCl4",
      "created_at": "2026-04-29T08:08:05.951Z",
      "expires_at": "2026-05-06T08:08:05Z"
    }
  },
  {
    "model": "token_blacklist.outstandingtoken",
    "pk": 8,
    "fields": {
      "user": 1,
      "jti": "b5cf0de316fa426cbcbb4cdef29d32e7",
      "token": "eyJhbGciOiJIUzI1NiIsInR5cCI6IkpXVCJ9.eyJ0b2tlbl90eXBlIjoicmVmcmVzaCIsImV4cCI6MTc3ODA1NDkwMiwiaWF0IjoxNzc3NDUwMTAyLCJqdGkiOiJiNWNmMGRlMzE2ZmE0MjZjYmNiYjRjZGVmMjlkMzJlNyIsInVzZXJfaWQiOiIxIn0.gAGdNEKmJdt4s3yUEQ9eZ8a9mllDaDqEWzMQkkzAffk",
      "created_at": "2026-04-29T08:08:22.442Z",
      "expires_at": "2026-05-06T08:08:22Z"
    }
  },
  {
    "model": "token_blacklist.outstandingtoken",
    "pk": 9,
    "fields": {
      "user": 1,
      "jti": "06329570559145ec8894083348304273",
      "token": "eyJhbGciOiJIUzI1NiIsInR5cCI6IkpXVCJ9.eyJ0b2tlbl90eXBlIjoicmVmcmVzaCIsImV4cCI6MTc3ODA1NDkyNCwiaWF0IjoxNzc3NDUwMTI0LCJqdGkiOiIwNjMyOTU3MDU1OTE0NWVjODg5NDA4MzM0ODMwNDI3MyIsInVzZXJfaWQiOiIxIn0.dvPoHFpSV5Bmf2gub1A1rt00XuEmSMJDYw-G_HP0MkU",
      "created_at": "2026-04-29T08:08:44.231Z",
      "expires_at": "2026-05-06T08:08:44Z"
    }
  },
  {
    "model": "token_blacklist.outstandingtoken",
    "pk": 10,
    "fields": {
      "user": 1,
      "jti": "8e80d479142344dc8c09a5a1b53f5587",
      "token": "eyJhbGciOiJIUzI1NiIsInR5cCI6IkpXVCJ9.eyJ0b2tlbl90eXBlIjoicmVmcmVzaCIsImV4cCI6MTc3ODA4NzY4NCwiaWF0IjoxNzc3NDgyODg0LCJqdGkiOiI4ZTgwZDQ3OTE0MjM0NGRjOGMwOWE1YTFiNTNmNTU4NyIsInVzZXJfaWQiOiIxIn0.FyN290VBt8asfLqjRKEtJek3Ui31__sfuo0QjX2u-lQ",
      "created_at": "2026-04-29T17:14:44.221Z",
      "expires_at": "2026-05-06T17:14:44Z"
    }
  },
  {
    "model": "token_blacklist.outstandingtoken",
    "pk": 11,
    "fields": {
      "user": 1,
      "jti": "2ae623ca270349829a40bf144288f454",
      "token": "eyJhbGciOiJIUzI1NiIsInR5cCI6IkpXVCJ9.eyJ0b2tlbl90eXBlIjoicmVmcmVzaCIsImV4cCI6MTc3ODIyMjYxOCwiaWF0IjoxNzc3NjE3ODE4LCJqdGkiOiIyYWU2MjNjYTI3MDM0OTgyOWE0MGJmMTQ0Mjg4ZjQ1NCIsInVzZXJfaWQiOiIxIn0.Jmm9MrQ9-qVYeso2dBd32J8LOKM9eP_0neiOFFiL2MY",
      "created_at": "2026-05-01T06:43:38.744Z",
      "expires_at": "2026-05-08T06:43:38Z"
    }
  },
  {
    "model": "token_blacklist.outstandingtoken",
    "pk": 12,
    "fields": {
      "user": null,
      "jti": "e545821966a14b0ba94db2bc59b3deb0",
      "token": "eyJhbGciOiJIUzI1NiIsInR5cCI6IkpXVCJ9.eyJ0b2tlbl90eXBlIjoicmVmcmVzaCIsImV4cCI6MTc3ODIyNTI2MSwiaWF0IjoxNzc3NjIwNDYxLCJqdGkiOiJlNTQ1ODIxOTY2YTE0YjBiYTk0ZGIyYmM1OWIzZGViMCIsInVzZXJfaWQiOiI1In0.zT6mcPqcYsLNzHJSkBgRZUTILdDQ9JgGe5nO98OenR0",
      "created_at": "2026-05-01T07:27:41.388Z",
      "expires_at": "2026-05-08T07:27:41Z"
    }
  },
  {
    "model": "token_blacklist.blacklistedtoken",
    "pk": 1,
    "fields": {
      "token": 1,
      "blacklisted_at": "2026-04-27T07:49:09.361Z"
    }
  },
  {
    "model": "token_blacklist.blacklistedtoken",
    "pk": 2,
    "fields": {
      "token": 8,
      "blacklisted_at": "2026-04-29T08:08:22.504Z"
    }
  },
  {
    "model": "token_blacklist.blacklistedtoken",
    "pk": 3,
    "fields": {
      "token": 12,
      "blacklisted_at": "2026-05-01T07:27:41.799Z"
    }
  },
  {
    "model": "accounts.user",
    "pk": 1,
    "fields": {
      "password": "pbkdf2_sha256$1000000$ObKrgi5RaL1q1mZbTL8a3W$Rdl4QQhyf6xKfVpKBeRrzmC88dtXCRLYMmNKQ0O6O+c=",
      "last_login": null,
      "is_superuser": false,
      "username": "testuser",
      "first_name": "",
      "last_name": "",
      "is_staff": false,
      "is_active": true,
      "date_joined": "2026-04-27T07:48:33.135Z",
      "email": "test@test.com",
      "nickname": "테스트",
      "created_at": "2026-04-27T07:48:33.340Z",
      "updated_at": "2026-04-27T07:48:33.340Z",
      "groups": [],
      "user_permissions": []
    }
  },
  {
    "model": "accounts.user",
    "pk": 2,
    "fields": {
      "password": "pbkdf2_sha256$1000000$zo0kwghRa6ZtARYwg2XReH$fjo4tls64IBcBZfcKtKGG8QcCxv3O6pMIXNUEffJMlQ=",
      "last_login": null,
      "is_superuser": false,
      "username": "testuser2",
      "first_name": "",
      "last_name": "",
      "is_staff": false,
      "is_active": true,
      "date_joined": "2026-04-27T09:04:31.057Z",
      "email": "u2@test.com",
      "nickname": "두번째",
      "created_at": "2026-04-27T09:04:31.238Z",
      "updated_at": "2026-04-27T09:04:31.238Z",
      "groups": [],
      "user_permissions": []
    }
  },
  {
    "model": "accounts.user",
    "pk": 3,
    "fields": {
      "password": "pbkdf2_sha256$1000000$s8BWB6gxwWRnD4pKLwry4Q$xjzjywIsqks2xhzRXpwoWE+a5gawqqj6XhCpKst2H3w=",
      "last_login": null,
      "is_superuser": false,
      "username": "testuser3",
      "first_name": "",
      "last_name": "",
      "is_staff": false,
      "is_active": true,
      "date_joined": "2026-04-29T08:07:29.353Z",
      "email": "u3@test.com",
      "nickname": "세번째",
      "created_at": "2026-04-29T08:07:29.553Z",
      "updated_at": "2026-05-01T05:13:27.360Z",
      "groups": [],
      "user_permissions": []
    }
  },
  {
    "model": "accounts.user",
    "pk": 4,
    "fields": {
      "password": "pbkdf2_sha256$1000000$4mdwk5CrgoljlPmzBq6tTw$cDXL9eAK8C/vvVyBYCsMtv5PgEHiJxAOrNJTi0ny6iQ=",
      "last_login": null,
      "is_superuser": true,
      "username": "admin",
      "first_name": "",
      "last_name": "",
      "is_staff": true,
      "is_active": true,
      "date_joined": "2026-05-01T05:12:09.039Z",
      "email": "admin@munbeop.local",
      "nickname": "관리자",
      "created_at": "2026-05-01T05:12:09.039Z",
      "updated_at": "2026-05-01T05:12:09.253Z",
      "groups": [],
      "user_permissions": []
    }
  },
  {
    "model": "accounts.user",
    "pk": 6,
    "fields": {
      "password": "pbkdf2_sha256$1000000$swL1LzOHM9KW1DMzhoAFQk$fFyH4OKUCChsFj4l0Eifd9h6OrgZ1zmYokG0UiyxBIY=",
      "last_login": null,
      "is_superuser": false,
      "username": "lawhelper",
      "first_name": "",
      "last_name": "",
      "is_staff": false,
      "is_active": true,
      "date_joined": "2026-05-04T03:45:16.987Z",
      "email": "lawhelper@munbeop.local",
      "nickname": "도움이",
      "created_at": "2026-05-04T03:45:16.987Z",
      "updated_at": "2026-05-04T03:45:17.174Z",
      "groups": [],
      "user_permissions": []
    }
  },
  {
    "model": "accounts.user",
    "pk": 7,
    "fields": {
      "password": "pbkdf2_sha256$1000000$tLv3GS47aSYzAL4dqEq3M8$AMruY2Gr7u3BXMJQGcgKxl4qtqoPpauQQpF9qb1A1kc=",
      "last_login": null,
      "is_superuser": false,
      "username": "survivor",
      "first_name": "",
      "last_name": "",
      "is_staff": false,
      "is_active": true,
      "date_joined": "2026-05-04T03:45:17.187Z",
      "email": "survivor@munbeop.local",
      "nickname": "겪어본사람",
      "created_at": "2026-05-04T03:45:17.187Z",
      "updated_at": "2026-05-04T03:45:17.384Z",
      "groups": [],
      "user_permissions": []
    }
  },
  {
    "model": "stories.category",
    "pk": 1,
    "fields": {
      "name": "전세/월세",
      "slug": "housing",
      "description": "전세, 월세, 보증금, 임대차 관련 분쟁",
      "order": 1,
      "created_at": "2026-04-27T09:01:33.012Z"
    }
  },
  {
    "model": "stories.category",
    "pk": 2,
    "fields": {
      "name": "직장/노동",
      "slug": "labor",
      "description": "임금, 해고, 근로계약, 직장 내 괴롭힘 관련",
      "order": 2,
      "created_at": "2026-04-27T09:01:33.023Z"
    }
  },
  {
    "model": "stories.category",
    "pk": 3,
    "fields": {
      "name": "소비자 분쟁",
      "slug": "consumer",
      "description": "환불, 교환, 계약 해지, 온라인 쇼핑 분쟁",
      "order": 3,
      "created_at": "2026-04-27T09:01:33.033Z"
    }
  },
  {
    "model": "stories.category",
    "pk": 4,
    "fields": {
      "name": "이혼/가족",
      "slug": "family",
      "description": "이혼, 양육권, 상속, 가족 관계 분쟁",
      "order": 4,
      "created_at": "2026-04-27T09:01:33.043Z"
    }
  },
  {
    "model": "stories.category",
    "pk": 5,
    "fields": {
      "name": "교통사고",
      "slug": "traffic",
      "description": "자동차 사고, 보험 처리, 과실 비율",
      "order": 5,
      "created_at": "2026-04-27T09:01:33.054Z"
    }
  },
  {
    "model": "stories.category",
    "pk": 6,
    "fields": {
      "name": "형사",
      "slug": "criminal",
      "description": "고소/고발, 형사 절차, 피해자 권리",
      "order": 6,
      "created_at": "2026-04-27T09:01:33.064Z"
    }
  },
  {
    "model": "stories.category",
    "pk": 7,
    "fields": {
      "name": "부동산 매매",
      "slug": "realestate",
      "description": "부동산 매매 계약, 등기, 명도 분쟁",
      "order": 7,
      "created_at": "2026-04-27T09:01:33.075Z"
    }
  },
  {
    "model": "stories.category",
    "pk": 8,
    "fields": {
      "name": "채권/채무",
      "slug": "debt",
      "description": "대여금, 보증, 채권 추심",
      "order": 8,
      "created_at": "2026-04-27T09:01:33.085Z"
    }
  },
  {
    "model": "stories.category",
    "pk": 9,
    "fields": {
      "name": "기타",
      "slug": "etc",
      "description": "위 분류에 해당하지 않는 기타 분쟁",
      "order": 9,
      "created_at": "2026-04-27T09:01:33.095Z"
    }
  },
  {
    "model": "stories.story",
    "pk": 1,
    "fields": {
      "user": 1,
      "title": "전세 보증금 반환 지연 문의",
      "content": "집주인이 보증금 반환을 미루고 있습니다. 어떻게 해야 하나요?",
      "category": 1,
      "is_anonymous": false,
      "is_deleted": false,
      "deleted_at": null,
      "view_count": 53,
      "created_at": "2026-04-27T09:02:27.438Z",
      "updated_at": "2026-04-27T09:04:31.007Z"
    }
  },
  {
    "model": "stories.story",
    "pk": 62,
    "fields": {
      "user": 1,
      "title": "3년 다닌 회사에서 갑작스러운 해고 통보",
      "content": "3년째 다니던 작은 회사에서 갑자기 해고 통보를 받았습니다. 어제 사장님이 따로 부르시더니 '회사 사정이 안 좋다, 다음 주부터 나오지 말라'고 한 마디만 하시고 끝이었습니다. 서면 통지도 없었고 구체적인 사유 설명도 없었어요. 인사위원회나 징계 절차 같은 것도 없었고요. 동료들 얘기 들어보니 회사 매출은 평소랑 비슷하다는데, 정말 회사 사정이 맞는 건지도 의심스럽습니다. 이런 경우도 부당해고에 해당하는 건가요? 받을 수 있는 보상이 있는지, 어디에 신고하면 되는지 알고 싶습니다.",
      "category": 2,
      "is_anonymous": false,
      "is_deleted": false,
      "deleted_at": null,
      "view_count": 52,
      "created_at": "2026-04-28T06:19:26.674Z",
      "updated_at": "2026-04-28T06:19:26.674Z"
    }
  },
  {
    "model": "stories.story",
    "pk": 63,
    "fields": {
      "user": 2,
      "title": "배송 중 파손된 가전, 환불 거부 당했습니다",
      "content": "온라인 쇼핑몰에서 소형 가전을 구매했는데 배송 중 외관이 심하게 파손돼서 도착했습니다. 박스도 찌그러져 있었고 제품 모서리가 깨져 있었어요. 받자마자 사진 찍어서 판매자에게 환불을 요청했는데 '소비자 부주의' 또는 '택배사 책임'이라며 책임을 미루고 환불을 거부하고 있습니다. 이런 경우 누구한테 책임을 물어야 하는 건가요? 소비자 분쟁조정위원회 같은 곳에 신고하면 효과가 있을까요?",
      "category": 3,
      "is_anonymous": false,
      "is_deleted": false,
      "deleted_at": null,
      "view_count": 27,
      "created_at": "2026-04-28T06:19:26.685Z",
      "updated_at": "2026-04-28T06:19:26.685Z"
    }
  },
  {
    "model": "stories.story",
    "pk": 64,
    "fields": {
      "user": 1,
      "title": "이혼 양육비 산정, 산정표대로 따라야 하나요?",
      "content": "이혼 소송을 진행 중인데 양육비 산정 기준이 너무 모호해서 답답합니다. 아이가 둘(초등학생, 미취학)이고 제 월 소득은 350만원, 배우자 소득은 500만원 정도입니다. 양육은 제가 맡기로 했는데 변호사마다 얘기가 달라서 헷갈려요. 양육비 산정표라는 게 있다고 들었는데 거기 그대로 따르는 건지 아니면 협의로 정할 수 있는 건지, 한 번 정해지면 바꾸기 어려운지도 궁금합니다.",
      "category": 4,
      "is_anonymous": true,
      "is_deleted": false,
      "deleted_at": null,
      "view_count": 37,
      "created_at": "2026-04-28T06:19:26.695Z",
      "updated_at": "2026-04-28T06:19:26.695Z"
    }
  },
  {
    "model": "stories.story",
    "pk": 65,
    "fields": {
      "user": 2,
      "title": "이면도로 사거리 사고, 과실비율 6:4 납득이 안 갑니다",
      "content": "주택가 이면도로에서 신호 없는 사거리를 지나가다가 우측에서 오던 차량과 부딪혔습니다. 다행히 인명피해는 없는데 양쪽 차량 다 제법 파손됐습니다. 보험사에서는 과실 비율이 6:4(제 쪽이 6)로 나왔다는데, 상대방이 좌우 확인 안 하고 그냥 진입했는데 왜 제 과실이 더 큰 건지 납득이 안 갑니다. 블랙박스 영상도 있는데 보험사가 다시 검토해줄까요? 이의제기는 어떻게 하나요?",
      "category": 5,
      "is_anonymous": false,
      "is_deleted": false,
      "deleted_at": null,
      "view_count": 12,
      "created_at": "2026-04-28T06:19:26.706Z",
      "updated_at": "2026-04-28T06:19:26.706Z"
    }
  },
  {
    "model": "stories.story",
    "pk": 66,
    "fields": {
      "user": 1,
      "title": "공공장소에서 험담 들었는데 명예훼손 신고 가능한가요?",
      "content": "동네 카페에서 단골 손님 몇 명이 모여 제 험담을 하는 걸 우연히 들었습니다. '저 사람 돈 떼어먹은 적 있다'는 등 사실과 전혀 다른 얘기를 큰 소리로 하고 있었어요. 듣고 있던 다른 손님들이 저를 이상한 눈으로 쳐다보더라고요. 녹음한 건 없지만 함께 있던 친구가 같이 들었습니다. 이런 경우도 명예훼손으로 신고할 수 있나요? 사실이 아닌 내용을 공공장소에서 큰소리로 떠든 거라면요.",
      "category": 6,
      "is_anonymous": true,
      "is_deleted": false,
      "deleted_at": null,
      "view_count": 11,
      "created_at": "2026-04-28T06:19:26.716Z",
      "updated_at": "2026-04-28T06:19:26.716Z"
    }
  },
  {
    "model": "stories.story",
    "pk": 67,
    "fields": {
      "user": 1,
      "title": "아파트 매매 계약을 매도인이 일방 해제 통보",
      "content": "3개월 전에 아파트 매매 계약을 맺고 계약금 5천만원을 지급했습니다. 그런데 잔금 치르기 한 달 전에 매도인이 갑자기 '집값이 너무 올라서 못 팔겠다, 위약금 두 배로 줄 테니 계약을 해제하자'고 통보했습니다. 저는 이미 이사 준비도 다 해놨고 살던 집도 정리한 상태라 너무 황당합니다. 위약금만 받고 끝낼 수밖에 없는 건지, 계약 이행을 강제할 방법은 없는지 궁금합니다.",
      "category": 7,
      "is_anonymous": false,
      "is_deleted": false,
      "deleted_at": null,
      "view_count": 44,
      "created_at": "2026-04-28T06:19:26.742Z",
      "updated_at": "2026-04-28T06:19:26.742Z"
    }
  },
  {
    "model": "stories.story",
    "pk": 68,
    "fields": {
      "user": 2,
      "title": "카톡으로 빌려준 돈 1500만원, 회수 가능할까요?",
      "content": "5년 전쯤 친한 친구한테 1500만원을 빌려줬습니다. 차용증 같은 건 없고 카톡으로 '꼭 갚을게'라고 한 메시지랑 계좌이체 내역만 있어요. 처음 1년은 조금씩 갚더니 그 후로 연락이 끊겼고 최근에 우연히 만났는데 '돈 빌린 적 없다'고 잡아뗍니다. 카톡 내역과 이체 내역만 있어도 법적으로 받아낼 수 있나요? 시효는 얼마나 남았을까요?",
      "category": 8,
      "is_anonymous": true,
      "is_deleted": false,
      "deleted_at": null,
      "view_count": 25,
      "created_at": "2026-04-28T06:19:26.766Z",
      "updated_at": "2026-04-28T06:19:26.766Z"
    }
  },
  {
    "model": "stories.story",
    "pk": 69,
    "fields": {
      "user": 1,
      "title": "윗집 누수로 손상, 윗집과 시공사 누구한테 청구하나요?",
      "content": "아파트 윗집 누수로 천장과 벽지가 손상되고 가구도 일부 망가졌습니다. 윗집 주인은 자기 잘못이 아니고 시공사 문제라며 책임을 회피하고, 시공사는 보증기간 지났다고 발뺍니다. 결국 저만 손해를 보는 상황인데, 윗집에 손해배상을 청구할 수 있는 건지, 아니면 시공사에 청구해야 하는지 헷갈립니다. 누구를 상대로 어떻게 진행해야 하나요?",
      "category": 9,
      "is_anonymous": false,
      "is_deleted": false,
      "deleted_at": null,
      "view_count": 10,
      "created_at": "2026-04-28T06:19:26.794Z",
      "updated_at": "2026-04-28T06:19:26.794Z"
    }
  },
  {
    "model": "stories.story",
    "pk": 70,
    "fields": {
      "user": 1,
      "title": "6B 검증용 - 전세 보증금 새 사연",
      "content": "전세 보증금 못 받고 있어서 어떻게 처리해야 할지 모르겠습니다. 임대인이 연락도 안 됩니다. 도움이 필요해요.",
      "category": 1,
      "is_anonymous": false,
      "is_deleted": true,
      "deleted_at": "2026-04-29T17:14:59.140Z",
      "view_count": 0,
      "created_at": "2026-04-29T17:14:59.079Z",
      "updated_at": "2026-04-29T17:14:59.079Z"
    }
  },
  {
    "model": "legal_data.law",
    "pk": 1,
    "fields": {
      "law_name": "주택임대차보호법",
      "article_number": "제7조",
      "article_title": "차임 등의 증감청구권",
      "content": "당사자는 약정한 차임이나 보증금이 임차주택에 관한 조세, 공과금, 그 밖의 부담의 증감이나 경제사정의 변동으로 적절하지 아니하게 된 때에는 장래에 대하여 그 증감을 청구할 수 있다. 다만, 증액의 경우에는 대통령령으로 정하는 기준에 따른 비율을 초과하지 못한다.\n(법조문 본문 일부 발췌 — 정확한 전문은 source_url 참조)",
      "category": 1,
      "keywords": "전세,월세,보증금,차임,증감,임대인,임차인",
      "source_url": "https://www.law.go.kr/법령/주택임대차보호법",
      "is_active": true,
      "created_at": "2026-04-28T05:03:31.470Z",
      "updated_at": "2026-05-04T03:43:49.313Z"
    }
  },
  {
    "model": "legal_data.law",
    "pk": 2,
    "fields": {
      "law_name": "주택임대차보호법",
      "article_number": "제3조",
      "article_title": "대항력 등",
      "content": "① 임대차는 그 등기가 없는 경우에도 임차인이 주택의 인도와 주민등록을 마친 때에는 그 다음 날부터 제3자에 대하여 효력이 생긴다.\n(제1항만 발췌. 제2항~제5항은 source_url 참조)",
      "category": 1,
      "keywords": "대항력,전입신고,확정일자,임차인,보증금",
      "source_url": "https://www.law.go.kr/법령/주택임대차보호법",
      "is_active": true,
      "created_at": "2026-04-28T05:03:31.472Z",
      "updated_at": "2026-05-04T03:43:49.315Z"
    }
  },
  {
    "model": "legal_data.law",
    "pk": 3,
    "fields": {
      "law_name": "근로기준법",
      "article_number": "제23조",
      "article_title": "해고 등의 제한",
      "content": "① 사용자는 근로자에게 정당한 이유 없이 해고, 휴직, 정직, 전직, 감봉, 그 밖의 징벌(이하 “부당해고등”이라 한다)을 하지 못한다.\n(제1항만 발췌. 제2항(요양 중 해고 제한 등)은 source_url 참조)",
      "category": 2,
      "keywords": "해고,정당한이유,징계,부당해고,근로자",
      "source_url": "https://www.law.go.kr/법령/근로기준법",
      "is_active": true,
      "created_at": "2026-04-28T05:03:31.473Z",
      "updated_at": "2026-05-04T03:43:49.317Z"
    }
  },
  {
    "model": "legal_data.law",
    "pk": 4,
    "fields": {
      "law_name": "형법",
      "article_number": "제307조",
      "article_title": "명예훼손",
      "content": "① 공연히 사실을 적시하여 사람의 명예를 훼손한 자는 2년 이하의 징역이나 금고 또는 500만원 이하의 벌금에 처한다.\n② 공연히 허위의 사실을 적시하여 사람의 명예를 훼손한 자는 5년 이하의 징역, 10년 이하의 자격정지 또는 1천만원 이하의 벌금에 처한다.",
      "category": 6,
      "keywords": "명예훼손,사실적시,허위사실,공연성",
      "source_url": "https://www.law.go.kr/법령/형법",
      "is_active": true,
      "created_at": "2026-04-28T05:03:31.476Z",
      "updated_at": "2026-05-04T03:43:49.319Z"
    }
  },
  {
    "model": "legal_data.law",
    "pk": 5,
    "fields": {
      "law_name": "민법",
      "article_number": "제750조",
      "article_title": "불법행위의 내용",
      "content": "고의 또는 과실로 인한 위법행위로 타인에게 손해를 가한 자는 그 손해를 배상할 책임이 있다.",
      "category": 9,
      "keywords": "불법행위,손해배상,손해,배상,고의,과실,위법,누수,침해,청구",
      "source_url": "https://www.law.go.kr/법령/민법",
      "is_active": true,
      "created_at": "2026-04-28T05:03:31.477Z",
      "updated_at": "2026-05-04T03:43:49.320Z"
    }
  },
  {
    "model": "legal_data.law",
    "pk": 6,
    "fields": {
      "law_name": "전자상거래 등에서의 소비자보호에 관한 법률",
      "article_number": "제17조",
      "article_title": "청약철회 등",
      "content": "통신판매의 방법으로 재화등의 구매에 관한 계약을 체결한 소비자는 다음 각 호의 기간(거래당사자가 다음 각 호의 기간보다 긴 기간으로 약정한 경우에는 그 기간) 이내에 해당 계약에 관한 청약철회등을 할 수 있다.\n(법조문 본문 일부 발췌 — 정확한 전문은 source_url 참조)",
      "category": 3,
      "keywords": "청약철회,환불,통신판매,7일,온라인쇼핑",
      "source_url": "https://www.law.go.kr/법령/전자상거래등에서의소비자보호에관한법률",
      "is_active": true,
      "created_at": "2026-05-04T03:11:31.605Z",
      "updated_at": "2026-05-04T03:43:49.322Z"
    }
  },
  {
    "model": "legal_data.law",
    "pk": 7,
    "fields": {
      "law_name": "약관의 규제에 관한 법률",
      "article_number": "제6조",
      "article_title": "일반원칙",
      "content": "신의성실의 원칙을 위반하여 공정을 잃은 약관 조항은 무효로 한다.\n(법조문 본문 일부 발췌 — 정확한 전문은 source_url 참조)",
      "category": 3,
      "keywords": "약관,불공정,무효,신의성실,소비자",
      "source_url": "https://www.law.go.kr/법령/약관의규제에관한법률",
      "is_active": true,
      "created_at": "2026-05-04T03:11:31.612Z",
      "updated_at": "2026-05-04T03:43:49.324Z"
    }
  },
  {
    "model": "legal_data.law",
    "pk": 8,
    "fields": {
      "law_name": "민법",
      "article_number": "제837조",
      "article_title": "이혼과 자의 양육책임",
      "content": "이혼하는 부모는 협의에 의하여 자(子)의 양육에 관한 사항을 정한다. 협의가 이루어지지 아니하거나 협의할 수 없는 때에는 가정법원이 직권으로 또는 당사자의 청구에 따라 정한다.\n(법조문 본문 일부 발췌 — 정확한 전문은 source_url 참조)",
      "category": 4,
      "keywords": "양육비,양육권,이혼,협의,가정법원",
      "source_url": "https://www.law.go.kr/법령/민법",
      "is_active": true,
      "created_at": "2026-05-04T03:11:31.614Z",
      "updated_at": "2026-05-04T03:43:49.325Z"
    }
  },
  {
    "model": "legal_data.law",
    "pk": 9,
    "fields": {
      "law_name": "민법",
      "article_number": "제839조의2",
      "article_title": "재산분할청구권",
      "content": "협의상 이혼한 자의 일방은 다른 일방에 대하여 재산분할을 청구할 수 있다.\n(법조문 본문 일부 발췌 — 정확한 전문은 source_url 참조)",
      "category": 4,
      "keywords": "재산분할,이혼,협의,청구권",
      "source_url": "https://www.law.go.kr/법령/민법",
      "is_active": true,
      "created_at": "2026-05-04T03:11:31.616Z",
      "updated_at": "2026-05-04T03:43:49.327Z"
    }
  },
  {
    "model": "legal_data.law",
    "pk": 10,
    "fields": {
      "law_name": "자동차손해배상 보장법",
      "article_number": "제3조",
      "article_title": "자동차손해배상책임",
      "content": "자기를 위하여 자동차를 운행하는 자는 그 운행으로 다른 사람을 사망하게 하거나 부상하게 한 경우에는 그 손해를 배상할 책임을 진다.\n(법조문 본문 일부 발췌 — 정확한 전문은 source_url 참조)",
      "category": 5,
      "keywords": "운행자책임,교통사고,손해배상,과실",
      "source_url": "https://www.law.go.kr/법령/자동차손해배상보장법",
      "is_active": true,
      "created_at": "2026-05-04T03:11:31.618Z",
      "updated_at": "2026-05-04T03:43:49.328Z"
    }
  },
  {
    "model": "legal_data.law",
    "pk": 11,
    "fields": {
      "law_name": "도로교통법",
      "article_number": "제54조",
      "article_title": "사고발생 시의 조치",
      "content": "차 또는 노면전차의 운전 등 교통으로 인하여 사람을 사상하거나 물건을 손괴한 경우에는 그 차 또는 노면전차의 운전자나 그 밖의 승무원은 즉시 정차하여 사상자를 구호하는 등 필요한 조치를 하여야 한다.\n(법조문 본문 일부 발췌 — 정확한 전문은 source_url 참조)",
      "category": 5,
      "keywords": "교통사고,사고조치,운전자,구호의무",
      "source_url": "https://www.law.go.kr/법령/도로교통법",
      "is_active": true,
      "created_at": "2026-05-04T03:11:31.620Z",
      "updated_at": "2026-05-04T03:43:49.330Z"
    }
  },
  {
    "model": "legal_data.law",
    "pk": 12,
    "fields": {
      "law_name": "민법",
      "article_number": "제565조",
      "article_title": "해약금",
      "content": "매매의 당사자 일방이 계약 당시에 금전 기타 물건을 계약금, 보증금 등의 명목으로 상대방에게 교부한 때에는 당사자간에 다른 약정이 없는 한 당사자의 일방이 이행에 착수할 때까지 교부자는 이를 포기하고 수령자는 그 배액을 상환하여 매매계약을 해제할 수 있다.",
      "category": 7,
      "keywords": "해약금,계약금,배액상환,매매계약,해제",
      "source_url": "https://www.law.go.kr/법령/민법",
      "is_active": true,
      "created_at": "2026-05-04T03:11:31.622Z",
      "updated_at": "2026-05-04T03:43:49.332Z"
    }
  },
  {
    "model": "legal_data.law",
    "pk": 13,
    "fields": {
      "law_name": "민법",
      "article_number": "제162조",
      "article_title": "채권, 재산권의 소멸시효",
      "content": "① 채권은 10년간 행사하지 아니하면 소멸시효가 완성한다.\n(제1항만 발췌. 제2항(재산권 20년) 등은 source_url 참조)",
      "category": 8,
      "keywords": "소멸시효,채권,10년,차용,차용금,빌려준,카톡",
      "source_url": "https://www.law.go.kr/법령/민법",
      "is_active": true,
      "created_at": "2026-05-04T03:11:31.623Z",
      "updated_at": "2026-05-04T03:43:49.334Z"
    }
  },
  {
    "model": "legal_data.law",
    "pk": 14,
    "fields": {
      "law_name": "민법",
      "article_number": "제428조",
      "article_title": "보증채무의 내용",
      "content": "① 보증인은 주채무자가 이행하지 아니하는 채무를 이행할 의무가 있다.\n(법조문 본문 일부 발췌 — 정확한 전문은 source_url 참조)",
      "category": 8,
      "keywords": "보증채무,주채무,이행의무,연대보증",
      "source_url": "https://www.law.go.kr/법령/민법",
      "is_active": true,
      "created_at": "2026-05-04T03:11:31.625Z",
      "updated_at": "2026-05-04T03:43:49.335Z"
    }
  },
  {
    "model": "legal_data.precedent",
    "pk": 1,
    "fields": {
      "case_number": "[임시] 2022다123456",
      "case_name": "임대차 보증금 반환 청구 사건",
      "court": "대법원",
      "judgment_date": "2022-06-15",
      "summary": "임차인의 원상복구 의무는 통상의 사용으로 인한 자연마모를 포함하지 않는다는 취지의 판단.",
      "content": "[임시 본문 — STEP 8 이후 본격 적재 시 교체 예정]\n본 사건은 임대차 종료 후 임차인의 원상복구 의무 범위가 쟁점이 되었다. 법원은 통상적 사용으로 인한 자연마모는 임차인의 원상복구 의무 범위에 포함되지 않는다고 판단하였다.",
      "category": 1,
      "keywords": "보증금,원상복구,자연마모,임차인,임대인",
      "source_url": "",
      "result_type": "plaintiff_partial",
      "created_at": "2026-04-28T05:03:31.478Z",
      "updated_at": "2026-05-04T03:43:49.338Z",
      "related_laws": [
        1
      ]
    }
  },
  {
    "model": "legal_data.precedent",
    "pk": 2,
    "fields": {
      "case_number": "[임시] 2023나98765",
      "case_name": "부당해고 구제 사건",
      "court": "서울중앙지방법원",
      "judgment_date": "2023-03-22",
      "summary": "절차적 정당성을 갖추지 못한 해고는 무효라는 취지의 판단.",
      "content": "[임시 본문 — STEP 8 이후 본격 적재 시 교체 예정]\n본 사건은 사용자가 징계위원회 절차를 거치지 않고 해고를 통보한 사안으로, 법원은 해고에 정당한 이유가 있더라도 절차적 정당성을 결한 경우 해고가 무효임을 판시하였다.",
      "category": 2,
      "keywords": "부당해고,절차,징계위원회,근로자",
      "source_url": "",
      "result_type": "plaintiff_win",
      "created_at": "2026-04-28T05:03:31.481Z",
      "updated_at": "2026-05-04T03:43:49.342Z",
      "related_laws": [
        3
      ]
    }
  },
  {
    "model": "legal_data.precedent",
    "pk": 3,
    "fields": {
      "case_number": "[임시] 2021도54321",
      "case_name": "명예훼손 위법성 조각 사건",
      "court": "대법원",
      "judgment_date": "2021-11-04",
      "summary": "공익 목적이 인정되는 경우 명예훼손의 위법성이 조각될 수 있다는 취지의 판단.",
      "content": "[임시 본문 — STEP 8 이후 본격 적재 시 교체 예정]\n본 사건은 공적 사안에 관한 사실 적시가 명예훼손에 해당하는지가 쟁점이 되었다. 법원은 공익 목적이 주된 동기이고 적시된 사실이 진실에 부합하는 경우 형법상 위법성이 조각된다고 판단하였다.",
      "category": 6,
      "keywords": "명예훼손,위법성조각,공익,사실적시",
      "source_url": "",
      "result_type": "defendant_win",
      "created_at": "2026-04-28T05:03:31.483Z",
      "updated_at": "2026-05-04T03:43:49.344Z",
      "related_laws": [
        4
      ]
    }
  },
  {
    "model": "legal_data.precedent",
    "pk": 4,
    "fields": {
      "case_number": "[임시] 2022다112233",
      "case_name": "온라인 쇼핑몰 환불 거부 사건",
      "court": "서울중앙지방법원",
      "judgment_date": "2022-09-08",
      "summary": "통신판매업자가 청약철회 기간 내 환불 요청을 부당하게 거부한 경우 전자상거래법 위반에 해당한다는 취지의 판단.",
      "content": "[임시 본문 — STEP 8 이후 본격 적재 시 교체 예정]\n본 사건은 소비자가 배송 파손을 이유로 환불을 요청했으나 판매자가 '소비자 부주의'를 이유로 거부한 사안으로, 법원은 청약철회 기간 내 정당한 사유 없는 환불 거부는 위법하다고 판단하였다.",
      "category": 3,
      "keywords": "환불거부,청약철회,통신판매,소비자보호",
      "source_url": "",
      "result_type": "plaintiff_win",
      "created_at": "2026-05-04T03:11:31.645Z",
      "updated_at": "2026-05-04T03:43:49.347Z",
      "related_laws": [
        6
      ]
    }
  },
  {
    "model": "legal_data.precedent",
    "pk": 5,
    "fields": {
      "case_number": "[임시] 2023느합3456",
      "case_name": "양육비 산정 기준 사건",
      "court": "서울가정법원",
      "judgment_date": "2023-05-11",
      "summary": "양육비 산정표는 합리적 기준이지만 양육의 구체적 사정을 종합 고려하여 조정할 수 있다는 취지의 판단.",
      "content": "[임시 본문 — STEP 8 이후 본격 적재 시 교체 예정]\n본 사건은 미성년 자녀의 양육비 액수가 쟁점이 된 가사사건으로, 가정법원은 양육비 산정표를 기준으로 하되 부모의 재산·소득, 자녀의 연령·교육환경 등을 종합하여 양육비를 정한다고 판시하였다.",
      "category": 4,
      "keywords": "양육비,산정표,이혼,가정법원,자녀",
      "source_url": "",
      "result_type": "plaintiff_partial",
      "created_at": "2026-05-04T03:11:31.651Z",
      "updated_at": "2026-05-04T03:43:49.350Z",
      "related_laws": [
        8
      ]
    }
  },
  {
    "model": "legal_data.precedent",
    "pk": 6,
    "fields": {
      "case_number": "[임시] 2022나445566",
      "case_name": "이면도로 신호 없는 사거리 사고 과실비율 사건",
      "court": "서울중앙지방법원",
      "judgment_date": "2022-11-25",
      "summary": "신호 없는 교차로에서 좌우 미확인 상태로 진입한 차량의 과실이 더 크게 인정될 수 있다는 취지의 판단.",
      "content": "[임시 본문 — STEP 8 이후 본격 적재 시 교체 예정]\n본 사건은 신호 없는 사거리에서 양 차량이 충돌한 사안으로, 법원은 좌우 안전을 확인하지 않고 진입한 차량의 과실이 더 크다고 판단하여 과실비율을 조정하였다.",
      "category": 5,
      "keywords": "교통사고,과실비율,이면도로,신호없는교차로,블랙박스",
      "source_url": "",
      "result_type": "plaintiff_partial",
      "created_at": "2026-05-04T03:11:31.654Z",
      "updated_at": "2026-05-04T03:43:49.352Z",
      "related_laws": [
        10
      ]
    }
  },
  {
    "model": "legal_data.precedent",
    "pk": 7,
    "fields": {
      "case_number": "[임시] 2023가합7788",
      "case_name": "아파트 매매 일방 해제 통보 사건",
      "court": "서울중앙지방법원",
      "judgment_date": "2023-08-17",
      "summary": "매도인이 시세 상승을 이유로 일방 해제를 통보한 경우, 매수인은 계약 이행 강제 또는 손해배상을 선택할 수 있다는 취지의 판단.",
      "content": "[임시 본문 — STEP 8 이후 본격 적재 시 교체 예정]\n본 사건은 부동산 매매 계약 후 시세 상승으로 매도인이 일방 해제를 통보한 사안으로, 법원은 매수인이 이행이익 상실에 대한 손해배상을 청구할 수 있다고 판시하였다.",
      "category": 7,
      "keywords": "매매계약,일방해제,위약금,이행강제,부동산",
      "source_url": "",
      "result_type": "plaintiff_win",
      "created_at": "2026-05-04T03:11:31.657Z",
      "updated_at": "2026-05-04T03:43:49.355Z",
      "related_laws": [
        12
      ]
    }
  },
  {
    "model": "legal_data.precedent",
    "pk": 8,
    "fields": {
      "case_number": "[임시] 2021가소9876",
      "case_name": "카톡 메시지 차용 입증 사건",
      "court": "서울중앙지방법원",
      "judgment_date": "2021-07-30",
      "summary": "차용증 없이도 카카오톡 메시지와 계좌이체 내역으로 금전소비대차계약의 성립을 인정할 수 있다는 취지의 판단.",
      "content": "[임시 본문 — STEP 8 이후 본격 적재 시 교체 예정]\n본 사건은 차용증이 없고 카톡 메시지와 이체 내역만 있는 상황에서 금전소비대차의 성립이 다투어진 사안으로, 법원은 메시지 내용과 이체 정황을 종합해 채권 성립을 인정하였다.",
      "category": 8,
      "keywords": "차용금,카카오톡,입증,소멸시효,금전소비대차",
      "source_url": "",
      "result_type": "plaintiff_win",
      "created_at": "2026-05-04T03:11:31.660Z",
      "updated_at": "2026-05-04T03:43:49.358Z",
      "related_laws": [
        13
      ]
    }
  },
  {
    "model": "legal_data.precedent",
    "pk": 9,
    "fields": {
      "case_number": "[임시] 2022가단55432",
      "case_name": "공동주택 누수 손해배상 사건",
      "court": "서울중앙지방법원",
      "judgment_date": "2022-04-19",
      "summary": "윗집 전유부분의 누수로 인한 아랫집 손해는 점유자가 제1차 책임을 지고, 공용부분 결함은 관리주체가 책임을 진다는 취지의 판단.",
      "content": "[임시 본문 — STEP 8 이후 본격 적재 시 교체 예정]\n본 사건은 윗집의 배관 노후로 아랫집에 누수 피해가 발생한 사안으로, 법원은 전유부분 시설물의 점유자에게 1차적 손해배상 책임이 있다고 판단하였다.",
      "category": 9,
      "keywords": "누수,손해배상,공동주택,점유자,불법행위",
      "source_url": "",
      "result_type": "plaintiff_partial",
      "created_at": "2026-05-04T03:12:37.090Z",
      "updated_at": "2026-05-04T03:43:49.361Z",
      "related_laws": [
        5
      ]
    }
  },
  {
    "model": "interactions.like",
    "pk": 1,
    "fields": {
      "user": 1,
      "target_type": "story",
      "target_id": 62,
      "created_at": "2026-04-28T07:42:56.116Z"
    }
  },
  {
    "model": "interactions.like",
    "pk": 3,
    "fields": {
      "user": 2,
      "target_type": "comment",
      "target_id": 1,
      "created_at": "2026-04-28T07:45:04.508Z"
    }
  },
  {
    "model": "interactions.bookmark",
    "pk": 3,
    "fields": {
      "user": 1,
      "target_type": "story",
      "target_id": 1,
      "created_at": "2026-04-28T07:45:34.568Z"
    }
  },
  {
    "model": "interactions.bookmark",
    "pk": 4,
    "fields": {
      "user": 1,
      "target_type": "law",
      "target_id": 1,
      "created_at": "2026-04-28T07:45:34.621Z"
    }
  },
  {
    "model": "interactions.bookmark",
    "pk": 5,
    "fields": {
      "user": 1,
      "target_type": "precedent",
      "target_id": 1,
      "created_at": "2026-04-28T07:45:34.672Z"
    }
  },
  {
    "model": "interactions.comment",
    "pk": 11,
    "fields": {
      "user": 1,
      "story": 1,
      "parent": null,
      "content": "저도 비슷한 상황이에요. 보증금 못 받아서 골치 아팠는데 결국 임차권등기명령부터 신청했습니다. 도움 되셨으면 해서 댓글 남깁니다.",
      "is_deleted": false,
      "deleted_at": null,
      "created_at": "2026-05-04T03:45:17.391Z",
      "updated_at": "2026-05-04T03:45:17.391Z"
    }
  },
  {
    "model": "interactions.comment",
    "pk": 14,
    "fields": {
      "user": 7,
      "story": 1,
      "parent": null,
      "content": "저는 1년 끌었어요. 지급명령 → 강제집행 순서로 갔는데, 처음부터 변호사 도움 받았으면 더 빨랐을 것 같습니다.",
      "is_deleted": false,
      "deleted_at": null,
      "created_at": "2026-05-04T03:45:17.411Z",
      "updated_at": "2026-05-04T03:45:17.411Z"
    }
  },
  {
    "model": "interactions.comment",
    "pk": 15,
    "fields": {
      "user": 6,
      "story": 62,
      "parent": null,
      "content": "근로기준법 제23조에 따라 정당한 이유 없는 해고는 부당해고에 해당할 수 있습니다. 노동위원회에 부당해고 구제신청(해고일로부터 3개월 이내)이 가능하다는 점 참고하세요.",
      "is_deleted": false,
      "deleted_at": null,
      "created_at": "2026-05-04T03:45:17.416Z",
      "updated_at": "2026-05-04T03:45:17.416Z"
    }
  },
  {
    "model": "interactions.comment",
    "pk": 17,
    "fields": {
      "user": 2,
      "story": 62,
      "parent": null,
      "content": "서면통지 없는 해고는 그것 자체로 무효 사유가 될 수 있다고 들었어요. 통지서나 녹취 같은 증거 챙겨두세요.",
      "is_deleted": false,
      "deleted_at": null,
      "created_at": "2026-05-04T03:45:17.427Z",
      "updated_at": "2026-05-04T03:45:17.427Z"
    }
  },
  {
    "model": "interactions.comment",
    "pk": 18,
    "fields": {
      "user": 6,
      "story": 63,
      "parent": null,
      "content": "전자상거래법상 통신판매로 산 물건은 7일 이내 청약철회가 가능합니다. 파손 사진과 박스 상태 사진을 함께 남겨두시고, 한국소비자원 1372 상담을 권장드립니다.",
      "is_deleted": false,
      "deleted_at": null,
      "created_at": "2026-05-04T03:45:17.432Z",
      "updated_at": "2026-05-04T03:45:17.432Z"
    }
  },
  {
    "model": "interactions.comment",
    "pk": 19,
    "fields": {
      "user": 7,
      "story": 63,
      "parent": null,
      "content": "저는 카드사 차지백 신청해서 환불받았어요. 판매자가 안 들어주면 결제수단 쪽으로 한번 알아보세요.",
      "is_deleted": false,
      "deleted_at": null,
      "created_at": "2026-05-04T03:45:17.436Z",
      "updated_at": "2026-05-04T03:45:17.436Z"
    }
  },
  {
    "model": "interactions.comment",
    "pk": 20,
    "fields": {
      "user": 1,
      "story": 63,
      "parent": null,
      "content": "받자마자 사진 찍어두신 게 잘하신 일이에요. 분쟁조정위에 그 자료 그대로 제출하면 통상 빠르게 처리되더라고요.",
      "is_deleted": false,
      "deleted_at": null,
      "created_at": "2026-05-04T03:45:17.441Z",
      "updated_at": "2026-05-04T03:45:17.441Z"
    }
  },
  {
    "model": "interactions.comment",
    "pk": 21,
    "fields": {
      "user": 6,
      "story": 64,
      "parent": null,
      "content": "서울가정법원 양육비 산정표를 기준으로 부모 합산소득과 자녀 연령을 대입하면 표준 양육비가 나옵니다. 협의 안 되면 가정법원 양육비 청구로 결정됩니다.",
      "is_deleted": false,
      "deleted_at": null,
      "created_at": "2026-05-04T03:45:17.446Z",
      "updated_at": "2026-05-04T03:45:17.446Z"
    }
  },
  {
    "model": "interactions.comment",
    "pk": 22,
    "fields": {
      "user": 7,
      "story": 64,
      "parent": null,
      "content": "저도 산정표 보고 협의 시도했는데 결국 법원 결정으로 갔어요. 한 번 정해도 사정이 바뀌면 양육비 변경심판 청구할 수 있어요.",
      "is_deleted": false,
      "deleted_at": null,
      "created_at": "2026-05-04T03:45:17.451Z",
      "updated_at": "2026-05-04T03:45:17.451Z"
    }
  },
  {
    "model": "interactions.comment",
    "pk": 23,
    "fields": {
      "user": 6,
      "story": 65,
      "parent": null,
      "content": "과실비율은 손해보험협회 「자동차사고 과실비율 인정기준」을 따릅니다. 보험사가 정한 비율이 부당하다면 금융감독원 분쟁조정 또는 소송으로 다툴 수 있어요.",
      "is_deleted": false,
      "deleted_at": null,
      "created_at": "2026-05-04T03:45:17.455Z",
      "updated_at": "2026-05-04T03:45:17.455Z"
    }
  },
  {
    "model": "interactions.comment",
    "pk": 24,
    "fields": {
      "user": 1,
      "story": 65,
      "parent": null,
      "content": "블랙박스 영상이 있으면 큰 무기예요. 손해보험협회 분쟁심의위원회에 영상 첨부해서 이의 제기 해보세요.",
      "is_deleted": false,
      "deleted_at": null,
      "created_at": "2026-05-04T03:45:17.459Z",
      "updated_at": "2026-05-04T03:45:17.459Z"
    }
  },
  {
    "model": "interactions.comment",
    "pk": 25,
    "fields": {
      "user": 7,
      "story": 65,
      "parent": null,
      "content": "저는 6:4에서 4:6으로 뒤집었어요. 영상에서 상대방 진입 속도, 좌우 미확인이 명확히 찍혀 있으면 가능합니다.",
      "is_deleted": false,
      "deleted_at": null,
      "created_at": "2026-05-04T03:45:17.464Z",
      "updated_at": "2026-05-04T03:45:17.464Z"
    }
  },
  {
    "model": "interactions.comment",
    "pk": 26,
    "fields": {
      "user": 6,
      "story": 66,
      "parent": null,
      "content": "공연성(불특정 다수 인식 가능) + 사실 적시 + 명예 훼손 가능성, 세 요건이 인정되면 형법 제307조 명예훼손에 해당할 수 있습니다. 함께 들은 친구의 진술이 증거가 될 수 있어요.",
      "is_deleted": false,
      "deleted_at": null,
      "created_at": "2026-05-04T03:45:17.469Z",
      "updated_at": "2026-05-04T03:45:17.469Z"
    }
  },
  {
    "model": "interactions.comment",
    "pk": 27,
    "fields": {
      "user": 7,
      "story": 66,
      "parent": null,
      "content": "저는 친구 진술서 받고 카페 CCTV 보존 요청까지 해놓고 고소 진행했어요. 시간 지나면 CCTV가 사라지니 빠르게 움직이는 게 좋아요.",
      "is_deleted": false,
      "deleted_at": null,
      "created_at": "2026-05-04T03:45:17.473Z",
      "updated_at": "2026-05-04T03:45:17.473Z"
    }
  },
  {
    "model": "interactions.comment",
    "pk": 28,
    "fields": {
      "user": 6,
      "story": 67,
      "parent": null,
      "content": "민법 제565조 해약금 규정상 이행 착수 전이면 매도인은 계약금의 배액 상환으로 해제할 수 있습니다. 다만 매수인이 이미 이행에 착수한 단계라면 다툼 여지가 있어요.",
      "is_deleted": false,
      "deleted_at": null,
      "created_at": "2026-05-04T03:45:17.477Z",
      "updated_at": "2026-05-04T03:45:17.477Z"
    }
  },
  {
    "model": "interactions.comment",
    "pk": 30,
    "fields": {
      "user": 7,
      "story": 67,
      "parent": null,
      "content": "저는 비슷한 케이스에서 이행이익 손해배상 청구로 갔습니다. 위약금만 받기보다 추가 청구도 가능한지 변호사에게 한 번 상담받아보세요.",
      "is_deleted": false,
      "deleted_at": null,
      "created_at": "2026-05-04T03:45:17.487Z",
      "updated_at": "2026-05-04T03:45:17.487Z"
    }
  },
  {
    "model": "interactions.comment",
    "pk": 31,
    "fields": {
      "user": 6,
      "story": 68,
      "parent": null,
      "content": "차용증이 없어도 카카오톡 메시지와 계좌이체 내역으로 금전소비대차계약의 성립을 입증할 수 있습니다. 민사상 채권 소멸시효는 10년이라 시효는 아직 충분합니다.",
      "is_deleted": false,
      "deleted_at": null,
      "created_at": "2026-05-04T03:45:17.491Z",
      "updated_at": "2026-05-04T03:45:17.491Z"
    }
  },
  {
    "model": "interactions.comment",
    "pk": 32,
    "fields": {
      "user": 7,
      "story": 68,
      "parent": null,
      "content": "저는 카톡 백업본을 노트북으로 옮겨서 PDF로 출력해서 증거로 제출했어요. 화면 캡처 말고 백업본이 더 확실해요.",
      "is_deleted": false,
      "deleted_at": null,
      "created_at": "2026-05-04T03:45:17.496Z",
      "updated_at": "2026-05-04T03:45:17.496Z"
    }
  },
  {
    "model": "interactions.comment",
    "pk": 33,
    "fields": {
      "user": 1,
      "story": 68,
      "parent": null,
      "content": "지급명령 신청도 고려해보세요. 상대방이 이의 신청 안 하면 그대로 확정돼서 강제집행 가능합니다.",
      "is_deleted": false,
      "deleted_at": null,
      "created_at": "2026-05-04T03:45:17.501Z",
      "updated_at": "2026-05-04T03:45:17.501Z"
    }
  },
  {
    "model": "interactions.comment",
    "pk": 34,
    "fields": {
      "user": 6,
      "story": 69,
      "parent": null,
      "content": "전유부분(윗집 내부) 누수는 점유자(윗집 소유자/세입자)가 1차 책임을 집니다. 공용부분(공용 배관 등) 결함이라면 관리주체나 시공사에 청구할 수 있어요.",
      "is_deleted": false,
      "deleted_at": null,
      "created_at": "2026-05-04T03:45:17.505Z",
      "updated_at": "2026-05-04T03:45:17.505Z"
    }
  },
  {
    "model": "interactions.comment",
    "pk": 35,
    "fields": {
      "user": 7,
      "story": 69,
      "parent": null,
      "content": "저도 비슷한 일 있었는데 아파트 관리사무소 통해서 누수 원인 진단부터 받았어요. 원인 파악이 책임 소재 가르는 핵심이에요.",
      "is_deleted": false,
      "deleted_at": null,
      "created_at": "2026-05-04T03:45:17.510Z",
      "updated_at": "2026-05-04T03:45:17.510Z"
    }
  },
  {
    "model": "interactions.comment",
    "pk": 12,
    "fields": {
      "user": 2,
      "story": 1,
      "parent": 11,
      "content": "저는 내용증명부터 보내고 그래도 안 줘서 소액심판으로 갔습니다. 내용증명 단계에서 주는 경우도 있어요.",
      "is_deleted": false,
      "deleted_at": null,
      "created_at": "2026-05-04T03:45:17.400Z",
      "updated_at": "2026-05-04T03:45:17.400Z"
    }
  },
  {
    "model": "interactions.comment",
    "pk": 13,
    "fields": {
      "user": 6,
      "story": 1,
      "parent": 11,
      "content": "참고로 임차권등기명령은 임대차 종료 후 보증금을 돌려받지 못한 경우 신청할 수 있어요. 주민등록을 옮기더라도 대항력·우선변제권이 유지된다는 점이 핵심입니다.",
      "is_deleted": false,
      "deleted_at": null,
      "created_at": "2026-05-04T03:45:17.406Z",
      "updated_at": "2026-05-04T03:45:17.406Z"
    }
  },
  {
    "model": "interactions.comment",
    "pk": 16,
    "fields": {
      "user": 7,
      "story": 62,
      "parent": 15,
      "content": "저도 같은 상황 겪었어요. 회사 사정 핑계는 정리해고 요건(긴박한 경영상 필요 등)을 갖춰야 인정되는데, 그게 안 되면 부당해고로 다툴 수 있어요.",
      "is_deleted": false,
      "deleted_at": null,
      "created_at": "2026-05-04T03:45:17.422Z",
      "updated_at": "2026-05-04T03:45:17.422Z"
    }
  },
  {
    "model": "interactions.comment",
    "pk": 29,
    "fields": {
      "user": 1,
      "story": 67,
      "parent": 28,
      "content": "이사 준비도 다 하셨다니 이행착수로 인정될 가능성도 있겠네요. 해제 통보 받은 시점, 이사 준비 정황 등 시간순으로 자료 정리해두세요.",
      "is_deleted": false,
      "deleted_at": null,
      "created_at": "2026-05-04T03:45:17.483Z",
      "updated_at": "2026-05-04T03:45:17.483Z"
    }
  }
]